"team1","team2","score1","score2","season","date","game_type","location","level","team2_fill","date_fill"
"/sd/stephan/crow-creek-chieftains/","/sd/chamberlain/chamberlain-cubs/","0","70","2016","8-26-2016","Region","Away","varsity","Chamberlain","Fri, 8/26Time TBA"
"/sd/stephan/crow-creek-chieftains/","/sd/redfield/redfield-doland-pheasants/",NA,NA,"2016",NA,"Non-Region","Home","varsity","Redfield/DolandRedfield","Sat, 8/275:00pm"
"/sd/stephan/crow-creek-chieftains/","/sd/redfield/redfield-doland-pheasants/","0","57","2016","9-2-2016","Non-Region","Home","varsity","Redfield/DolandRedfield","Fri, 9/2Time TBA"
"/sd/stephan/crow-creek-chieftains/","/sd/mission/todd-county-falcons/","0","51","2016","9-9-2016","Region","Home","varsity","Todd CountyMission","Fri, 9/97:00pm"
"/sd/stephan/crow-creek-chieftains/","/sd/kyle/little-wound-mustangs/","0","46","2016","9-16-2016","Non-Region","Away","varsity","Little WoundKyle","Fri, 9/16Time TBA"
"/sd/stephan/crow-creek-chieftains/","/sd/st-francis/st-francis-indian-warriors/","0","48","2016","9-23-2016","Region","Home","varsity","St. Francis IndianSt. Francis","Fri, 9/23Time TBA"
"/sd/stephan/crow-creek-chieftains/","/sd/eagle-butte/cheyenne-eagle-butte-braves/","0","68","2016","10-7-2016","Region","Away","varsity","Cheyenne-Eagle ButteEagle Butte","Fri, 10/7Time TBA"
"/sd/stephan/crow-creek-chieftains/","/sd/murdo/jones-county-white-river/","12","48","2016","10-14-2016","Region","Away","varsity","Jones County/White RiverMurdo","Fri, 10/14Time TBA"
"/sd/stephan/crow-creek-chieftains/","/sd/pine-ridge/red-cloud-crusaders/","0","69","2016","10-21-2016","Non-Region","Home","varsity","Red CloudPine Ridge","Fri, 10/21Time TBA"
"/sd/kyle/little-wound-mustangs/","/sd/st-francis/st-francis-indian-warriors/","12","14","2016","8-26-2016","Non-Region","Home","varsity","St. Francis IndianSt. Francis","Fri, 8/26Time TBA"
"/sd/kyle/little-wound-mustangs/","/sd/custer/custer-wildcats/","28","40","2016","9-2-2016","Region","Away","varsity","Custer","Fri, 9/26:00pm"
"/sd/kyle/little-wound-mustangs/","/sd/chamberlain/chamberlain-cubs/","0","51","2016","9-9-2016","Non-Region","Away","varsity","Chamberlain","Fri, 9/9Time TBA"
"/sd/kyle/little-wound-mustangs/","/sd/stephan/crow-creek-chieftains/","46","0","2016","9-16-2016","Non-Region","Home","varsity","Crow CreekStephan","Fri, 9/16Time TBA"
"/sd/kyle/little-wound-mustangs/","/sd/martin/bennett-county-warriors/","8","34","2016","9-23-2016","Region","Away","varsity","Bennett CountyMartin","Fri, 9/23Time TBA"
"/sd/kyle/little-wound-mustangs/","/sd/pine-ridge/red-cloud-crusaders/","40","41","2016","9-30-2016","Region","Away","varsity","Red CloudPine Ridge","Fri, 9/30Time TBA"
"/sd/kyle/little-wound-mustangs/","/sd/lead/lead-deadwood-golddiggers/","22","18","2016","10-14-2016","Region","Away","varsity","Lead-DeadwoodLead","Fri, 10/14Time TBA"
"/sd/kyle/little-wound-mustangs/","/sd/pine-ridge/pine-ridge-thorpes/","12","32","2016","10-21-2016","Region","Home","varsity","Pine Ridge","Fri, 10/21Time TBA"
"/sd/mission/todd-county-falcons/","/sd/pine-ridge/pine-ridge-thorpes/","16","8","2016","8-26-2016","Non-Region","Home","varsity","Pine Ridge","Fri, 8/267:00pm"
"/sd/mission/todd-county-falcons/","/sd/belle-fourche/belle-fourche-broncs/","6","34","2016","9-2-2016","Non-Region","Home","varsity","Belle Fourche","Fri, 9/25:00pm"
"/sd/mission/todd-county-falcons/","/sd/stephan/crow-creek-chieftains/","51","0","2016","9-9-2016","Region","Away","varsity","Crow CreekStephan","Fri, 9/97:00pm"
"/sd/mission/todd-county-falcons/","/sd/st-francis/st-francis-indian-warriors/","0","7","2016","9-16-2016","Region","Away","varsity","St. Francis IndianSt. Francis","Fri, 9/167:00pm"
"/sd/mission/todd-county-falcons/","/sd/eagle-butte/cheyenne-eagle-butte-braves/","14","32","2016","9-23-2016","Region","Home","varsity","Cheyenne-Eagle ButteEagle Butte","Fri, 9/236:00pm"
"/sd/mission/todd-county-falcons/","/sd/chamberlain/chamberlain-cubs/","0","51","2016","9-30-2016","Region","Away","varsity","Chamberlain","Fri, 9/307:00pm"
"/sd/mission/todd-county-falcons/","/sd/murdo/jones-county-white-river/","6","12","2016","10-7-2016","Region","Home","varsity","Jones County/White RiverMurdo","Fri, 10/77:00pm"
"/sd/mission/todd-county-falcons/","/sd/hot-springs/hot-springs-bison/","6","53","2016","10-14-2016","Non-Region","Away","varsity","Hot Springs","Fri, 10/146:00pm"
"/sd/mission/todd-county-falcons/","/sd/rapid-city/more-cavaliers/","0","54","2016","10-20-2016","Non-Region","Away","varsity","MoreRapid City","Thu, 10/205:00pm"
"/sd/murdo/jones-county-white-river/","/sd/lead/lead-deadwood-golddiggers/","8","12","2016","9-2-2016","Non-Region","Home","varsity","Lead-DeadwoodLead","Fri, 9/2Time TBA"
"/sd/murdo/jones-county-white-river/","/sd/eagle-butte/cheyenne-eagle-butte-braves/","14","36","2016","9-9-2016","Region","Home","varsity","Cheyenne-Eagle ButteEagle Butte","Fri, 9/9Time TBA"
"/sd/murdo/jones-county-white-river/","/sd/wagner/wagner-red-raiders/","16","40","2016","9-16-2016","Non-Region","Away","varsity","Wagner","Fri, 9/16Time TBA"
"/sd/murdo/jones-county-white-river/","/sd/mobridge/mobridge-pollock-tigers/","0","47","2016","9-23-2016","Non-Region","Away","varsity","Mobridge-PollockMobridge","Fri, 9/23Time TBA"
"/sd/murdo/jones-county-white-river/","/sd/parkston/parkston-trojans/","0","50","2016","9-30-2016","Non-Region","Home","varsity","Parkston","Fri, 9/30Time TBA"
"/sd/murdo/jones-county-white-river/","/sd/mission/todd-county-falcons/","12","6","2016","10-7-2016","Region","Away","varsity","Todd CountyMission","Fri, 10/77:00pm"
"/sd/murdo/jones-county-white-river/","/sd/stephan/crow-creek-chieftains/","48","12","2016","10-14-2016","Region","Home","varsity","Crow CreekStephan","Fri, 10/14Time TBA"
"/sd/murdo/jones-county-white-river/","/sd/winner/winner-warriors/","0","64","2016","10-21-2016","Non-Region","Away","varsity","Winner","Fri, 10/21Time TBA"
"/sd/custer/custer-wildcats/","/wy/newcastle/newcastle-dogies/","2","48","2016","8-26-2016","Non-Region","Home","varsity","NewcastleWY","Fri, 8/266:00pm"
"/sd/custer/custer-wildcats/","/sd/kyle/little-wound-mustangs/","40","28","2016","9-2-2016","Region","Home","varsity","Little WoundKyle","Fri, 9/26:00pm"
"/sd/custer/custer-wildcats/","/sd/pine-ridge/red-cloud-crusaders/","34","20","2016","9-9-2016","Region","Away","varsity","Red CloudPine Ridge","Fri, 9/92:00pm"
"/sd/custer/custer-wildcats/","/sd/rapid-city/more-cavaliers/","0","55","2016","9-23-2016","Non-Region","Home","varsity","MoreRapid City","Fri, 9/236:00pm"
"/sd/custer/custer-wildcats/","/sd/martin/bennett-county-warriors/","8","12","2016","9-30-2016","Region","Away","varsity","Bennett CountyMartin","Fri, 9/306:30pm"
"/sd/custer/custer-wildcats/","/sd/hot-springs/hot-springs-bison/","0","50","2016","10-7-2016","Non-Region","Away","varsity","Hot Springs","Fri, 10/76:00pm"
"/sd/custer/custer-wildcats/","/sd/pine-ridge/pine-ridge-thorpes/","8","14","2016","10-14-2016","Region","Home","varsity","Pine Ridge","Fri, 10/146:00pm"
"/sd/custer/custer-wildcats/","/sd/lead/lead-deadwood-golddiggers/","14","20","2016","10-20-2016","Region","Home","varsity","Lead-DeadwoodLead","Thu, 10/206:00pm"
"/sd/custer/custer-wildcats/","/sd/pine-ridge/red-cloud-crusaders/","28","40","2016","10-25-2016","Playoff","Away","varsity","Red CloudPine Ridge","Tue, 10/252:00pm"
"/sd/st-francis/st-francis-indian-warriors/","/sd/kyle/little-wound-mustangs/","14","12","2016","8-26-2016","Non-Region","Away","varsity","Little WoundKyle","Fri, 8/26Time TBA"
"/sd/st-francis/st-francis-indian-warriors/","/sd/pine-ridge/red-cloud-crusaders/","13","0","2016","9-2-2016","Non-Region","Home","varsity","Red CloudPine Ridge","Fri, 9/2Time TBA"
"/sd/st-francis/st-francis-indian-warriors/","/sd/pine-ridge/pine-ridge-thorpes/","6","14","2016","9-9-2016","Non-Region","Away","varsity","Pine Ridge","Fri, 9/9Time TBA"
"/sd/st-francis/st-francis-indian-warriors/","/sd/mission/todd-county-falcons/","7","0","2016","9-16-2016","Region","Home","varsity","Todd CountyMission","Fri, 9/167:00pm"
"/sd/st-francis/st-francis-indian-warriors/","/sd/stephan/crow-creek-chieftains/","48","0","2016","9-23-2016","Region","Away","varsity","Crow CreekStephan","Fri, 9/23Time TBA"
"/sd/st-francis/st-francis-indian-warriors/","/sd/belle-fourche/belle-fourche-broncs/","8","35","2016","9-30-2016","Non-Region","Away","varsity","Belle Fourche","Fri, 9/306:00pm"
"/sd/st-francis/st-francis-indian-warriors/","/sd/chamberlain/chamberlain-cubs/","6","56","2016","10-7-2016","Region","Home","varsity","Chamberlain","Fri, 10/7Time TBA"
"/sd/st-francis/st-francis-indian-warriors/","/sd/eagle-butte/cheyenne-eagle-butte-braves/","28","44","2016","10-14-2016","Region","Home","varsity","Cheyenne-Eagle ButteEagle Butte","Fri, 10/14Time TBA"
"/sd/st-francis/st-francis-indian-warriors/","/sd/martin/bennett-county-warriors/","0","50","2016","10-21-2016","Non-Region","Away","varsity","Bennett CountyMartin","Fri, 10/21Time TBA"
"/sd/pine-ridge/pine-ridge-thorpes/","/sd/mission/todd-county-falcons/","8","16","2016","8-26-2016","Non-Region","Away","varsity","Todd CountyMission","Fri, 8/267:00pm"
"/sd/pine-ridge/pine-ridge-thorpes/","/sd/spearfish/spearfish-spartans/","0","53","2016","9-2-2016","Non-Region","Home","varsity","Spearfish","Fri, 9/25:00pm"
"/sd/pine-ridge/pine-ridge-thorpes/","/sd/st-francis/st-francis-indian-warriors/","14","6","2016","9-9-2016","Non-Region","Home","varsity","St. Francis IndianSt. Francis","Fri, 9/9Time TBA"
"/sd/pine-ridge/pine-ridge-thorpes/","/sd/hot-springs/hot-springs-bison/","2","53","2016","9-16-2016","Non-Region","Away","varsity","Hot Springs","Fri, 9/16Time TBA"
"/sd/pine-ridge/pine-ridge-thorpes/","/sd/pine-ridge/red-cloud-crusaders/","6","28","2016","9-23-2016","Region","Home","varsity","Red CloudPine Ridge","Fri, 9/23Time TBA"
"/sd/pine-ridge/pine-ridge-thorpes/","/sd/lead/lead-deadwood-golddiggers/","14","33","2016","9-30-2016","Region","Away","varsity","Lead-DeadwoodLead","Fri, 9/30Time TBA"
"/sd/pine-ridge/pine-ridge-thorpes/","/sd/martin/bennett-county-warriors/","14","22","2016","10-7-2016","Region","Home","varsity","Bennett CountyMartin","Fri, 10/7Time TBA"
"/sd/pine-ridge/pine-ridge-thorpes/","/sd/custer/custer-wildcats/","14","8","2016","10-14-2016","Region","Away","varsity","Custer","Fri, 10/146:00pm"
"/sd/pine-ridge/pine-ridge-thorpes/","/sd/kyle/little-wound-mustangs/","32","12","2016","10-21-2016","Region","Away","varsity","Little WoundKyle","Fri, 10/21Time TBA"
"/sd/lead/lead-deadwood-golddiggers/","/wy/upton/upton-sundance-bobcats/","0","56","2016","8-26-2016","Non-Region","Away","varsity","Upton/SundanceUpton, WY","Fri, 8/26Time TBA"
"/sd/lead/lead-deadwood-golddiggers/","/sd/murdo/jones-county-white-river/","12","8","2016","9-2-2016","Non-Region","Away","varsity","Jones County/White RiverMurdo","Fri, 9/2Time TBA"
"/sd/lead/lead-deadwood-golddiggers/","/sd/martin/bennett-county-warriors/","8","33","2016","9-9-2016","Region","Home","varsity","Bennett CountyMartin","Fri, 9/96:00pm"
"/sd/lead/lead-deadwood-golddiggers/","/sd/rapid-city/more-cavaliers/","16","66","2016","9-16-2016","Non-Region","Away","varsity","MoreRapid City","Fri, 9/16Time TBA"
"/sd/lead/lead-deadwood-golddiggers/","/sd/pine-ridge/pine-ridge-thorpes/","33","14","2016","9-30-2016","Region","Home","varsity","Pine Ridge","Fri, 9/30Time TBA"
"/sd/lead/lead-deadwood-golddiggers/","/sd/pine-ridge/red-cloud-crusaders/","24","26","2016","10-7-2016","Region","Home","varsity","Red CloudPine Ridge","Fri, 10/7Time TBA"
"/sd/lead/lead-deadwood-golddiggers/","/sd/kyle/little-wound-mustangs/","18","22","2016","10-14-2016","Region","Home","varsity","Little WoundKyle","Fri, 10/14Time TBA"
"/sd/lead/lead-deadwood-golddiggers/","/sd/custer/custer-wildcats/","20","14","2016","10-20-2016","Region","Away","varsity","Custer","Thu, 10/206:00pm"
"/sd/lead/lead-deadwood-golddiggers/","/sd/martin/bennett-county-warriors/","16","35","2016","10-25-2016","Playoff","Away","varsity","Bennett CountyMartin","Tue, 10/257:00pm"
"/sd/pine-ridge/red-cloud-crusaders/","/sd/st-francis/st-francis-indian-warriors/","0","13","2016","9-2-2016","Non-Region","Away","varsity","St. Francis IndianSt. Francis","Fri, 9/2Time TBA"
"/sd/pine-ridge/red-cloud-crusaders/","/sd/custer/custer-wildcats/","20","34","2016","9-9-2016","Region","Home","varsity","Custer","Fri, 9/92:00pm"
"/sd/pine-ridge/red-cloud-crusaders/","/sd/chamberlain/chamberlain-cubs/","12","62","2016","9-16-2016","Non-Region","Home","varsity","Chamberlain","Fri, 9/16Time TBA"
"/sd/pine-ridge/red-cloud-crusaders/","/sd/pine-ridge/pine-ridge-thorpes/","28","6","2016","9-23-2016","Region","Away","varsity","Pine Ridge","Fri, 9/23Time TBA"
"/sd/pine-ridge/red-cloud-crusaders/","/sd/kyle/little-wound-mustangs/","41","40","2016","9-30-2016","Region","Home","varsity","Little WoundKyle","Fri, 9/30Time TBA"
"/sd/pine-ridge/red-cloud-crusaders/","/sd/lead/lead-deadwood-golddiggers/","26","24","2016","10-7-2016","Region","Away","varsity","Lead-DeadwoodLead","Fri, 10/7Time TBA"
"/sd/pine-ridge/red-cloud-crusaders/","/sd/martin/bennett-county-warriors/","32","18","2016","10-14-2016","Region","Home","varsity","Bennett CountyMartin","Fri, 10/14Time TBA"
"/sd/pine-ridge/red-cloud-crusaders/","/sd/stephan/crow-creek-chieftains/","69","0","2016","10-21-2016","Non-Region","Away","varsity","Crow CreekStephan","Fri, 10/21Time TBA"
"/sd/pine-ridge/red-cloud-crusaders/","/sd/custer/custer-wildcats/","40","28","2016","10-25-2016","Playoff","Home","varsity","Custer","Tue, 10/252:00pm"
"/sd/pine-ridge/red-cloud-crusaders/","/sd/aberdeen/roncalli-cavaliers/","18","68","2016","10-31-2016","Playoff","Away","varsity","RoncalliAberdeen","Mon, 10/315:00pm"
"/sd/eagle-butte/cheyenne-eagle-butte-braves/","/sd/martin/bennett-county-warriors/","30","14","2016","8-26-2016","Non-Region","Home","varsity","Bennett CountyMartin","Fri, 8/26Time TBA"
"/sd/eagle-butte/cheyenne-eagle-butte-braves/","/sd/winner/winner-warriors/","0","52","2016","9-2-2016","Non-Region","Home","varsity","Winner","Fri, 9/2Time TBA"
"/sd/eagle-butte/cheyenne-eagle-butte-braves/","/sd/murdo/jones-county-white-river/","36","14","2016","9-9-2016","Region","Away","varsity","Jones County/White RiverMurdo","Fri, 9/9Time TBA"
"/sd/eagle-butte/cheyenne-eagle-butte-braves/","/sd/belle-fourche/belle-fourche-broncs/","0","34","2016","9-16-2016","Non-Region","Home","varsity","Belle Fourche","Fri, 9/16Time TBA"
"/sd/eagle-butte/cheyenne-eagle-butte-braves/","/sd/mission/todd-county-falcons/","32","14","2016","9-23-2016","Region","Away","varsity","Todd CountyMission","Fri, 9/236:00pm"
"/sd/eagle-butte/cheyenne-eagle-butte-braves/","/sd/mobridge/mobridge-pollock-tigers/","14","42","2016","9-30-2016","Non-Region","Home","varsity","Mobridge-PollockMobridge","Fri, 9/30Time TBA"
"/sd/eagle-butte/cheyenne-eagle-butte-braves/","/sd/stephan/crow-creek-chieftains/","68","0","2016","10-7-2016","Region","Home","varsity","Crow CreekStephan","Fri, 10/7Time TBA"
"/sd/eagle-butte/cheyenne-eagle-butte-braves/","/sd/st-francis/st-francis-indian-warriors/","44","28","2016","10-14-2016","Region","Away","varsity","St. Francis IndianSt. Francis","Fri, 10/14Time TBA"
"/sd/eagle-butte/cheyenne-eagle-butte-braves/","/sd/chamberlain/chamberlain-cubs/","12","52","2016","10-21-2016","Region","Away","varsity","Chamberlain","Fri, 10/21Time TBA"
"/sd/sturgis/sturgis-brown-scoopers/","/sd/rapid-city/more-cavaliers/","6","56","2016","8-27-2016","Region","Neutral","varsity","MoreRapid City","Sat, 8/272:00pm"
"/sd/sturgis/sturgis-brown-scoopers/","/sd/rapid-city/stevens-raiders/","21","57","2016","9-2-2016","Non-Region","Home","varsity","StevensRapid City","Fri, 9/26:00pm"
"/sd/sturgis/sturgis-brown-scoopers/","/sd/huron/huron-tigers/","14","51","2016","9-9-2016","Non-Region","Away","varsity","Huron","Fri, 9/9Time TBA"
"/sd/sturgis/sturgis-brown-scoopers/","/sd/mitchell/mitchell-kernels/","8","68","2016","9-16-2016","Non-Region","Home","varsity","Mitchell","Fri, 9/165:00pm"
"/sd/sturgis/sturgis-brown-scoopers/","/sd/hot-springs/hot-springs-bison/","0","38","2016","9-30-2016","Region","Home","varsity","Hot Springs","Fri, 9/30Time TBA"
"/sd/sturgis/sturgis-brown-scoopers/","/sd/belle-fourche/belle-fourche-broncs/","26","35","2016","10-7-2016","Region","Home","varsity","Belle Fourche","Fri, 10/76:00pm"
"/sd/sturgis/sturgis-brown-scoopers/","/sd/spearfish/spearfish-spartans/","16","21","2016","10-14-2016","Region","Home","varsity","Spearfish","Fri, 10/14Time TBA"
"/sd/sturgis/sturgis-brown-scoopers/","/sd/pierre/riggs-governors/","16","55","2016","10-20-2016","Non-Region","Away","varsity","RiggsPierre","Thu, 10/207:00pm"
"/sd/sturgis/sturgis-brown-scoopers/","/sd/mitchell/mitchell-kernels/","22","79","2016","10-27-2016","Playoff","Away","varsity","Mitchell","Thu, 10/276:00pm"
"/sd/martin/bennett-county-warriors/","/sd/eagle-butte/cheyenne-eagle-butte-braves/","14","30","2016","8-26-2016","Non-Region","Away","varsity","Cheyenne-Eagle ButteEagle Butte","Fri, 8/26Time TBA"
"/sd/martin/bennett-county-warriors/","/sd/lead/lead-deadwood-golddiggers/","33","8","2016","9-9-2016","Region","Away","varsity","Lead-DeadwoodLead","Fri, 9/96:00pm"
"/sd/martin/bennett-county-warriors/","/ne/gordon/gordon-rushville-mustangs/","0","36","2016","9-16-2016","Non-Region","Home","varsity","Gordon-RushvilleGordon, NE","Fri, 9/167:00pm"
"/sd/martin/bennett-county-warriors/","/sd/kyle/little-wound-mustangs/","34","8","2016","9-23-2016","Region","Home","varsity","Little WoundKyle","Fri, 9/23Time TBA"
"/sd/martin/bennett-county-warriors/","/sd/custer/custer-wildcats/","12","8","2016","9-30-2016","Region","Home","varsity","Custer","Fri, 9/306:30pm"
"/sd/martin/bennett-county-warriors/","/sd/pine-ridge/pine-ridge-thorpes/","22","14","2016","10-7-2016","Region","Away","varsity","Pine Ridge","Fri, 10/7Time TBA"
"/sd/martin/bennett-county-warriors/","/sd/pine-ridge/red-cloud-crusaders/","18","32","2016","10-14-2016","Region","Away","varsity","Red CloudPine Ridge","Fri, 10/14Time TBA"
"/sd/martin/bennett-county-warriors/","/sd/st-francis/st-francis-indian-warriors/","50","0","2016","10-21-2016","Non-Region","Home","varsity","St. Francis IndianSt. Francis","Fri, 10/21Time TBA"
"/sd/martin/bennett-county-warriors/","/sd/lead/lead-deadwood-golddiggers/","35","16","2016","10-25-2016","Playoff","Home","varsity","Lead-DeadwoodLead","Tue, 10/257:00pm"
"/sd/martin/bennett-county-warriors/","/sd/groton/groton-tigers/","0","55","2016","10-31-2016","Playoff","Away","varsity","Groton","Mon, 10/316:00pm"
"/sd/sisseton/sisseton-redmen/","/sd/volga/sioux-valley-cossacks/","8","20","2016","8-26-2016","Non-Region","Home","varsity","Sioux ValleyVolga","Fri, 8/267:00pm"
"/sd/sisseton/sisseton-redmen/","/sd/flandreau/flandreau-fliers/","12","20","2016","9-2-2016","Region","Away","varsity","Flandreau","Fri, 9/27:00pm"
"/sd/sisseton/sisseton-redmen/","/sd/mobridge/mobridge-pollock-tigers/","39","14","2016","9-16-2016","Region","Away","varsity","Mobridge-PollockMobridge","Fri, 9/165:00pm"
"/sd/sisseton/sisseton-redmen/","/sd/redfield/redfield-doland-pheasants/","14","22","2016","9-23-2016","Region","Home","varsity","Redfield/DolandRedfield","Fri, 9/23Time TBA"
"/sd/sisseton/sisseton-redmen/","/sd/aberdeen/roncalli-cavaliers/",NA,NA,"2016",NA,"Region","Home","varsity","RoncalliAberdeen","Fri, 9/307:00pm"
"/sd/sisseton/sisseton-redmen/","/sd/aberdeen/roncalli-cavaliers/","12","60","2016","10-7-2016","Region","Home","varsity","RoncalliAberdeen","Fri, 10/7Time TBA"
"/sd/sisseton/sisseton-redmen/","/sd/milbank/milbank-bulldogs/","0","51","2016","10-14-2016","Region","Away","varsity","Milbank","Fri, 10/145:00pm"
"/sd/sisseton/sisseton-redmen/","/sd/salem/mccook-central-montrose-fighting-cougars/",NA,NA,"2016",NA,"Non-Region","Home","varsity","McCook Central/MontroseSalem","Fri, 10/21Time TBA"
"/sd/sisseton/sisseton-redmen/","/sd/salem/mccook-central-montrose-fighting-cougars/","12","50","2016","10-21-2016","Non-Region","Home","varsity","McCook Central/MontroseSalem","Fri, 10/21Time TBA"
"/sd/belle-fourche/belle-fourche-broncs/","/sd/spearfish/spearfish-spartans/","0","40","2016","8-26-2016","Region","Away","varsity","Spearfish","Fri, 8/266:00pm"
"/sd/belle-fourche/belle-fourche-broncs/","/sd/mission/todd-county-falcons/","34","6","2016","9-2-2016","Non-Region","Away","varsity","Todd CountyMission","Fri, 9/25:00pm"
"/sd/belle-fourche/belle-fourche-broncs/","/sd/mobridge/mobridge-pollock-tigers/","21","48","2016","9-9-2016","Non-Region","Home","varsity","Mobridge-PollockMobridge","Fri, 9/9Time TBA"
"/sd/belle-fourche/belle-fourche-broncs/","/sd/eagle-butte/cheyenne-eagle-butte-braves/","34","0","2016","9-16-2016","Non-Region","Away","varsity","Cheyenne-Eagle ButteEagle Butte","Fri, 9/16Time TBA"
"/sd/belle-fourche/belle-fourche-broncs/","/sd/hot-springs/hot-springs-bison/","13","48","2016","9-23-2016","Region","Home","varsity","Hot Springs","Fri, 9/23Time TBA"
"/sd/belle-fourche/belle-fourche-broncs/","/sd/st-francis/st-francis-indian-warriors/","35","8","2016","9-30-2016","Non-Region","Home","varsity","St. Francis IndianSt. Francis","Fri, 9/306:00pm"
"/sd/belle-fourche/belle-fourche-broncs/","/sd/sturgis/sturgis-brown-scoopers/","35","26","2016","10-7-2016","Region","Away","varsity","Sturgis BrownSturgis","Fri, 10/76:00pm"
"/sd/belle-fourche/belle-fourche-broncs/","/sd/rapid-city/more-cavaliers/",NA,NA,"2016",NA,"Region","Home","varsity","MoreRapid City","Fri, 10/14Time TBA"
"/sd/belle-fourche/belle-fourche-broncs/","/sd/rapid-city/more-cavaliers/","8","58","2016","10-14-2016","Region","Home","varsity","MoreRapid City","Fri, 10/14Time TBA"
"/sd/lennox/lennox-orioles/","/sd/hot-springs/hot-springs-bison/","6","42","2016","8-26-2016","Non-Region","Home","varsity","Hot Springs","Fri, 8/26Time TBA"
"/sd/lennox/lennox-orioles/","/sd/tea/tea-titans/","7","48","2016","9-2-2016","Region","Away","varsity","Tea","Fri, 9/2Time TBA"
"/sd/lennox/lennox-orioles/","/sd/canton/canton-c-hawks/","0","43","2016","9-9-2016","Region","Home","varsity","Canton","Fri, 9/9Time TBA"
"/sd/lennox/lennox-orioles/","/sd/madison/madison-bulldogs/","7","53","2016","9-16-2016","Region","Home","varsity","Madison","Fri, 9/165:00pm"
"/sd/lennox/lennox-orioles/","/sd/colton/tri-valley-mustangs/","0","38","2016","9-23-2016","Region","Away","varsity","Tri-ValleyColton","Fri, 9/23Time TBA"
"/sd/lennox/lennox-orioles/","/sd/hartford/west-central-trojans/","13","41","2016","9-30-2016","Region","Away","varsity","West CentralHartford","Fri, 9/307:00pm"
"/sd/lennox/lennox-orioles/","/sd/north-sioux-city/dakota-valley-panthers/","14","42","2016","10-7-2016","Region","Home","varsity","Dakota ValleyNorth Sioux City","Fri, 10/7Time TBA"
"/sd/lennox/lennox-orioles/","/sd/vermillion/vermillion-tanagers/","6","34","2016","10-14-2016","Region","Home","varsity","Vermillion","Fri, 10/14Time TBA"
"/sd/lennox/lennox-orioles/","/sd/dell-rapids/dell-rapids-quarriers/","14","56","2016","10-21-2016","Region","Away","varsity","Dell Rapids","Fri, 10/21Time TBA"
"/sd/wagner/wagner-red-raiders/","/sd/beresford/beresford-watchdogs/","0","12","2016","9-2-2016","Non-Region","Home","varsity","Beresford","Fri, 9/27:00pm"
"/sd/wagner/wagner-red-raiders/","/sd/winner/winner-warriors/","0","54","2016","9-9-2016","Region","Away","varsity","Winner","Fri, 9/9Time TBA"
"/sd/wagner/wagner-red-raiders/","/sd/winner/winner-warriors/",NA,NA,"2016",NA,"Region","Away","varsity","Winner","Fri, 9/9Time TBA"
"/sd/wagner/wagner-red-raiders/","/sd/murdo/jones-county-white-river/","40","16","2016","9-16-2016","Non-Region","Home","varsity","Jones County/White RiverMurdo","Fri, 9/16Time TBA"
"/sd/wagner/wagner-red-raiders/","/sd/parkston/parkston-trojans/","0","54","2016","9-23-2016","Region","Away","varsity","Parkston","Fri, 9/23Time TBA"
"/sd/wagner/wagner-red-raiders/","/sd/aberdeen/roncalli-cavaliers/","0","46","2016","9-30-2016","Non-Region","Away","varsity","RoncalliAberdeen","Fri, 9/30Time TBA"
"/sd/wagner/wagner-red-raiders/","/sd/groton/groton-tigers/","0","53","2016","10-7-2016","Non-Region","Home","varsity","Groton","Fri, 10/75:00pm"
"/sd/wagner/wagner-red-raiders/","/sd/canton/canton-c-hawks/","0","46","2016","10-14-2016","Non-Region","Away","varsity","Canton","Fri, 10/14Time TBA"
"/sd/wagner/wagner-red-raiders/","/sd/canton/canton-c-hawks/",NA,NA,"2016",NA,"Non-Region","Away","varsity","Canton","Fri, 10/14Time TBA"
"/sd/wagner/wagner-red-raiders/","/sd/north-sioux-city/dakota-valley-panthers/","6","42","2016","10-21-2016","Non-Region","Home","varsity","Dakota ValleyNorth Sioux City","Fri, 10/21Time TBA"
"/sd/redfield/redfield-doland-pheasants/","/sd/aberdeen/roncalli-cavaliers/","0","35","2016","8-26-2016","Region","Home","varsity","RoncalliAberdeen","Fri, 8/26Time TBA"
"/sd/redfield/redfield-doland-pheasants/","/sd/stephan/crow-creek-chieftains/",NA,NA,"2016",NA,"Non-Region","Away","varsity","Crow CreekStephan","Sat, 8/275:00pm"
"/sd/redfield/redfield-doland-pheasants/","/sd/stephan/crow-creek-chieftains/","57","0","2016","9-2-2016","Non-Region","Away","varsity","Crow CreekStephan","Fri, 9/2Time TBA"
"/sd/redfield/redfield-doland-pheasants/","/sd/parkston/parkston-trojans/","0","46","2016","9-16-2016","Non-Region","Home","varsity","Parkston","Fri, 9/165:00pm"
"/sd/redfield/redfield-doland-pheasants/","/sd/sisseton/sisseton-redmen/","22","14","2016","9-23-2016","Region","Away","varsity","Sisseton","Fri, 9/23Time TBA"
"/sd/redfield/redfield-doland-pheasants/","/sd/milbank/milbank-bulldogs/","3","35","2016","9-30-2016","Region","Away","varsity","Milbank","Fri, 9/30Time TBA"
"/sd/redfield/redfield-doland-pheasants/","/sd/mobridge/mobridge-pollock-tigers/","15","21","2016","10-7-2016","Region","Home","varsity","Mobridge-PollockMobridge","Fri, 10/7Time TBA"
"/sd/redfield/redfield-doland-pheasants/","/sd/winner/winner-warriors/","0","54","2016","10-14-2016","Non-Region","Away","varsity","Winner","Fri, 10/14Time TBA"
"/sd/redfield/redfield-doland-pheasants/","/sd/groton/groton-tigers/","6","46","2016","10-25-2016","Playoff","Away","varsity","Groton","Tue, 10/254:00pm"
"/sd/flandreau/flandreau-fliers/","/sd/milbank/milbank-bulldogs/","15","38","2016","8-26-2016","Region","Away","varsity","Milbank","Fri, 8/26Time TBA"
"/sd/flandreau/flandreau-fliers/","/sd/sisseton/sisseton-redmen/","20","12","2016","9-2-2016","Region","Home","varsity","Sisseton","Fri, 9/27:00pm"
"/sd/flandreau/flandreau-fliers/","/sd/emery/bridgewater-emery-ethan-seahawks/","0","50","2016","9-9-2016","Region","Away","varsity","Bridgewater/Emery/EthanEmery","Fri, 9/9Time TBA"
"/sd/flandreau/flandreau-fliers/","/sd/salem/mccook-central-montrose-fighting-cougars/","7","26","2016","9-16-2016","Region","Home","varsity","McCook Central/MontroseSalem","Fri, 9/167:00pm"
"/sd/flandreau/flandreau-fliers/","/sd/sioux-falls/sioux-falls-christian-chargers/","0","45","2016","9-23-2016","Region","Away","varsity","Sioux Falls ChristianSioux Falls","Fri, 9/23Time TBA"
"/sd/flandreau/flandreau-fliers/","/sd/volga/sioux-valley-cossacks/","15","41","2016","9-30-2016","Region","Home","varsity","Sioux ValleyVolga","Fri, 9/307:00pm"
"/sd/flandreau/flandreau-fliers/","/sd/beresford/beresford-watchdogs/","9","7","2016","10-14-2016","Region","Home","varsity","Beresford","Fri, 10/147:00pm"
"/sd/flandreau/flandreau-fliers/","/sd/elk-point/elk-point-jefferson-huskies/","19","27","2016","10-20-2016","Region","Away","varsity","Elk Point-JeffersonElk Point","Thu, 10/207:00pm"
"/sd/flandreau/flandreau-fliers/","/sd/volga/sioux-valley-cossacks/","14","35","2016","10-25-2016","Playoff","Away","varsity","Sioux ValleyVolga","Tue, 10/257:00pm"
"/sd/brookings/brookings-bobcats/","/sd/yankton/yankton-bucks-gazelles/","28","29","2016","8-26-2016","Region","Away","varsity","Yankton","Fri, 8/265:00pm"
"/sd/brookings/brookings-bobcats/","/sd/pierre/riggs-governors/","20","28","2016","9-2-2016","Non-Region","Away","varsity","RiggsPierre","Fri, 9/27:00pm"
"/sd/brookings/brookings-bobcats/","/sd/sioux-falls/lincoln-patriots/","7","27","2016","9-15-2016","Non-Region","Home","varsity","LincolnSioux Falls","Thu, 9/155:00pm"
"/sd/brookings/brookings-bobcats/","/sd/huron/huron-tigers/","7","29","2016","9-23-2016","Region","Away","varsity","Huron","Fri, 9/235:00pm"
"/sd/brookings/brookings-bobcats/","/sd/sioux-falls/roosevelt-rough-riders/","14","58","2016","9-30-2016","Non-Region","Home","varsity","RooseveltSioux Falls","Fri, 9/305:00pm"
"/sd/brookings/brookings-bobcats/","/sd/mitchell/mitchell-kernels/","20","55","2016","10-7-2016","Region","Home","varsity","Mitchell","Fri, 10/77:00pm"
"/sd/brookings/brookings-bobcats/","/sd/harrisburg/harrisburg-tigers/","16","26","2016","10-14-2016","Region","Home","varsity","Harrisburg","Fri, 10/14Time TBA"
"/sd/brookings/brookings-bobcats/","/sd/watertown/watertown-arrows/","7","15","2016","10-20-2016","Region","Away","varsity","Watertown","Thu, 10/205:00pm"
"/sd/elk-point/elk-point-jefferson-huskies/","/sd/colton/tri-valley-mustangs/","21","34","2016","8-26-2016","Non-Region","Home","varsity","Tri-ValleyColton","Fri, 8/265:00pm"
"/sd/elk-point/elk-point-jefferson-huskies/","/sd/volga/sioux-valley-cossacks/","40","53","2016","9-2-2016","Region","Away","varsity","Sioux ValleyVolga","Fri, 9/27:00pm"
"/sd/elk-point/elk-point-jefferson-huskies/","/sd/salem/mccook-central-montrose-fighting-cougars/","18","21","2016","9-9-2016","Region","Home","varsity","McCook Central/MontroseSalem","Fri, 9/9Time TBA"
"/sd/elk-point/elk-point-jefferson-huskies/","/sd/salem/mccook-central-montrose-fighting-cougars/","18","21","2016","9-9-2016","Region","Home","varsity","McCook Central/MontroseSalem","Fri, 9/95:00pm"
"/sd/elk-point/elk-point-jefferson-huskies/","/sd/beresford/beresford-watchdogs/","23","26","2016","9-16-2016","Region","Away","varsity","Beresford","Fri, 9/16Time TBA"
"/sd/elk-point/elk-point-jefferson-huskies/","/sd/north-sioux-city/dakota-valley-panthers/","7","33","2016","9-30-2016","Non-Region","Away","varsity","Dakota ValleyNorth Sioux City","Fri, 9/305:00pm"
"/sd/elk-point/elk-point-jefferson-huskies/","/sd/emery/bridgewater-emery-huskies/","0","40","2016","10-7-2016","Non-Region","Home","varsity","Bridgewater/EmeryEmery","Fri, 10/77:00pm"
"/sd/elk-point/elk-point-jefferson-huskies/","/sd/sioux-falls/sioux-falls-christian-chargers/","14","48","2016","10-14-2016","Region","Away","varsity","Sioux Falls ChristianSioux Falls","Fri, 10/14Time TBA"
"/sd/elk-point/elk-point-jefferson-huskies/","/sd/flandreau/flandreau-fliers/","27","19","2016","10-20-2016","Region","Home","varsity","Flandreau","Thu, 10/207:00pm"
"/sd/beresford/beresford-watchdogs/","/sd/emery/bridgewater-emery-ethan-seahawks/","14","28","2016","8-26-2016","Region","Away","varsity","Bridgewater/Emery/EthanEmery","Fri, 8/267:00pm"
"/sd/beresford/beresford-watchdogs/","/sd/wagner/wagner-red-raiders/","12","0","2016","9-2-2016","Non-Region","Away","varsity","Wagner","Fri, 9/27:00pm"
"/sd/beresford/beresford-watchdogs/","/sd/sioux-falls/sioux-falls-christian-chargers/","7","40","2016","9-9-2016","Region","Home","varsity","Sioux Falls ChristianSioux Falls","Fri, 9/9Time TBA"
"/sd/beresford/beresford-watchdogs/","/sd/elk-point/elk-point-jefferson-huskies/","26","23","2016","9-16-2016","Region","Home","varsity","Elk Point-JeffersonElk Point","Fri, 9/16Time TBA"
"/sd/beresford/beresford-watchdogs/","/sd/salem/mccook-central-montrose-fighting-cougars/","7","17","2016","9-23-2016","Region","Away","varsity","McCook Central/MontroseSalem","Fri, 9/235:00pm"
"/sd/beresford/beresford-watchdogs/","/sd/colton/tri-valley-mustangs/","14","52","2016","9-30-2016","Non-Region","Home","varsity","Tri-ValleyColton","Fri, 9/30Time TBA"
"/sd/beresford/beresford-watchdogs/","/sd/volga/sioux-valley-cossacks/","19","31","2016","10-7-2016","Region","Home","varsity","Sioux ValleyVolga","Fri, 10/77:00pm"
"/sd/beresford/beresford-watchdogs/","/sd/flandreau/flandreau-fliers/","7","9","2016","10-14-2016","Region","Away","varsity","Flandreau","Fri, 10/147:00pm"
"/sd/mobridge/mobridge-pollock-tigers/","/sd/winner/winner-warriors/","0","46","2016","8-26-2016","Non-Region","Home","varsity","Winner","Fri, 8/26Time TBA"
"/sd/mobridge/mobridge-pollock-tigers/","/sd/groton/groton-tigers/","0","33","2016","9-2-2016","Region","Away","varsity","Groton","Fri, 9/2Time TBA"
"/sd/mobridge/mobridge-pollock-tigers/","/sd/belle-fourche/belle-fourche-broncs/","48","21","2016","9-9-2016","Non-Region","Away","varsity","Belle Fourche","Fri, 9/9Time TBA"
"/sd/mobridge/mobridge-pollock-tigers/","/sd/sisseton/sisseton-redmen/","14","39","2016","9-16-2016","Region","Home","varsity","Sisseton","Fri, 9/165:00pm"
"/sd/mobridge/mobridge-pollock-tigers/","/sd/murdo/jones-county-white-river/","47","0","2016","9-23-2016","Non-Region","Home","varsity","Jones County/White RiverMurdo","Fri, 9/23Time TBA"
"/sd/mobridge/mobridge-pollock-tigers/","/sd/eagle-butte/cheyenne-eagle-butte-braves/","42","14","2016","9-30-2016","Non-Region","Away","varsity","Cheyenne-Eagle ButteEagle Butte","Fri, 9/30Time TBA"
"/sd/mobridge/mobridge-pollock-tigers/","/sd/redfield/redfield-doland-pheasants/","21","15","2016","10-7-2016","Region","Away","varsity","Redfield/DolandRedfield","Fri, 10/7Time TBA"
"/sd/mobridge/mobridge-pollock-tigers/","/sd/aberdeen/roncalli-cavaliers/","0","35","2016","10-20-2016","Playoff","Home","varsity","RoncalliAberdeen","Thu, 10/207:00pm"
"/sd/mobridge/mobridge-pollock-tigers/","/sd/aberdeen/roncalli-cavaliers/","0","42","2016","10-25-2016","Playoff","Neutral","varsity","RoncalliAberdeen","Tue, 10/257:00pm"
"/sd/chamberlain/chamberlain-cubs/","/sd/stephan/crow-creek-chieftains/","70","0","2016","8-26-2016","Region","Home","varsity","Crow CreekStephan","Fri, 8/26Time TBA"
"/sd/chamberlain/chamberlain-cubs/","/sd/kyle/little-wound-mustangs/","51","0","2016","9-9-2016","Non-Region","Home","varsity","Little WoundKyle","Fri, 9/9Time TBA"
"/sd/chamberlain/chamberlain-cubs/","/sd/pine-ridge/red-cloud-crusaders/","62","12","2016","9-16-2016","Non-Region","Away","varsity","Red CloudPine Ridge","Fri, 9/16Time TBA"
"/sd/chamberlain/chamberlain-cubs/","/sd/winner/winner-warriors/","6","60","2016","9-18-2016","Non-Region","Away","varsity","Winner","Sun, 9/186:00pm"
"/sd/chamberlain/chamberlain-cubs/","/sd/mission/todd-county-falcons/","51","0","2016","9-30-2016","Region","Home","varsity","Todd CountyMission","Fri, 9/307:00pm"
"/sd/chamberlain/chamberlain-cubs/","/sd/st-francis/st-francis-indian-warriors/","56","6","2016","10-7-2016","Region","Away","varsity","St. Francis IndianSt. Francis","Fri, 10/7Time TBA"
"/sd/chamberlain/chamberlain-cubs/","/sd/aberdeen/roncalli-cavaliers/","14","57","2016","10-14-2016","Non-Region","Away","varsity","RoncalliAberdeen","Fri, 10/14Time TBA"
"/sd/chamberlain/chamberlain-cubs/","/sd/eagle-butte/cheyenne-eagle-butte-braves/","52","12","2016","10-21-2016","Region","Home","varsity","Cheyenne-Eagle ButteEagle Butte","Fri, 10/21Time TBA"
"/sd/chamberlain/chamberlain-cubs/","/sd/emery/bridgewater-emery-ethan-seahawks/","0","53","2016","10-25-2016","Playoff","Home","varsity","Bridgewater/Emery/EthanEmery","Tue, 10/257:00pm"
"/sd/box-elder/douglas-patriots/","/sd/hot-springs/hot-springs-bison/","6","20","2016","9-2-2016","Region","Home","varsity","Hot Springs","Fri, 9/26:00pm"
"/sd/box-elder/douglas-patriots/","/sd/spearfish/spearfish-spartans/","0","20","2016","9-16-2016","Region","Away","varsity","Spearfish","Fri, 9/16Time TBA"
"/sd/box-elder/douglas-patriots/","/sd/rapid-city/more-cavaliers/","7","28","2016","9-30-2016","Region","Home","varsity","MoreRapid City","Fri, 9/30Time TBA"
"/sd/box-elder/douglas-patriots/","/sd/pierre/riggs-governors/","7","35","2016","10-27-2016","Playoff","Home","varsity","RiggsPierre","Thu, 10/278:00pm"
"/sd/salem/mccook-central-montrose-fighting-cougars/","/sd/sioux-falls/sioux-falls-christian-chargers/","0","29","2016","8-26-2016","Region","Home","varsity","Sioux Falls ChristianSioux Falls","Fri, 8/265:00pm"
"/sd/salem/mccook-central-montrose-fighting-cougars/","/sd/sioux-falls/sioux-falls-christian-chargers/",NA,NA,"2016",NA,"Region","Home","varsity","Sioux Falls ChristianSioux Falls","Fri, 8/265:00pm"
"/sd/salem/mccook-central-montrose-fighting-cougars/","/sd/milbank/milbank-bulldogs/","0","19","2016","9-2-2016","Non-Region","Home","varsity","Milbank","Fri, 9/2Time TBA"
"/sd/salem/mccook-central-montrose-fighting-cougars/","/sd/elk-point/elk-point-jefferson-huskies/","21","18","2016","9-9-2016","Region","Away","varsity","Elk Point-JeffersonElk Point","Fri, 9/9Time TBA"
"/sd/salem/mccook-central-montrose-fighting-cougars/","/sd/elk-point/elk-point-jefferson-huskies/","21","18","2016","9-9-2016","Region","Away","varsity","Elk Point-JeffersonElk Point","Fri, 9/95:00pm"
"/sd/salem/mccook-central-montrose-fighting-cougars/","/sd/flandreau/flandreau-fliers/","26","7","2016","9-16-2016","Region","Away","varsity","Flandreau","Fri, 9/167:00pm"
"/sd/salem/mccook-central-montrose-fighting-cougars/","/sd/beresford/beresford-watchdogs/","17","7","2016","9-23-2016","Region","Home","varsity","Beresford","Fri, 9/235:00pm"
"/sd/salem/mccook-central-montrose-fighting-cougars/","/sd/emery/bridgewater-emery-ethan-seahawks/","14","16","2016","9-30-2016","Region","Home","varsity","Bridgewater/Emery/EthanEmery","Fri, 9/30Time TBA"
"/sd/salem/mccook-central-montrose-fighting-cougars/","/sd/emery/bridgewater-emery-huskies/","14","16","2016","9-30-2016","Non-Region","Home","varsity","Bridgewater/EmeryEmery","Fri, 9/307:00pm"
"/sd/salem/mccook-central-montrose-fighting-cougars/","/sd/centerville/centerville-tornadoes/","41","8","2016","10-7-2016","Non-Region","Home","varsity","Centerville","Fri, 10/77:00pm"
"/sd/salem/mccook-central-montrose-fighting-cougars/","/sd/volga/sioux-valley-cossacks/","7","13","2016","10-14-2016","Region","Away","varsity","Sioux ValleyVolga","Fri, 10/147:00pm"
"/sd/salem/mccook-central-montrose-fighting-cougars/","/sd/sisseton/sisseton-redmen/",NA,NA,"2016",NA,"Non-Region","Away","varsity","Sisseton","Fri, 10/21Time TBA"
"/sd/salem/mccook-central-montrose-fighting-cougars/","/sd/sisseton/sisseton-redmen/","50","12","2016","10-21-2016","Non-Region","Away","varsity","Sisseton","Fri, 10/21Time TBA"
"/sd/salem/mccook-central-montrose-fighting-cougars/","/sd/colton/tri-valley-mustangs/","6","36","2016","10-25-2016","Playoff","Away","varsity","Tri-ValleyColton","Tue, 10/257:00pm"
"/sd/huron/huron-tigers/","/sd/harrisburg/harrisburg-tigers/","0","21","2016","9-2-2016","Region","Away","varsity","Harrisburg","Fri, 9/2Time TBA"
"/sd/huron/huron-tigers/","/sd/sturgis/sturgis-brown-scoopers/","51","14","2016","9-9-2016","Non-Region","Home","varsity","Sturgis BrownSturgis","Fri, 9/9Time TBA"
"/sd/huron/huron-tigers/","/sd/pierre/riggs-governors/","33","34","2016","9-16-2016","Region","Away","varsity","RiggsPierre","Fri, 9/165:00pm"
"/sd/huron/huron-tigers/","/sd/brookings/brookings-bobcats/","29","7","2016","9-23-2016","Region","Home","varsity","Brookings","Fri, 9/235:00pm"
"/sd/huron/huron-tigers/","/sd/spearfish/spearfish-spartans/","26","20","2016","9-30-2016","Non-Region","Away","varsity","Spearfish","Fri, 9/30Time TBA"
"/sd/huron/huron-tigers/","/sd/yankton/yankton-bucks-gazelles/","7","14","2016","10-7-2016","Region","Away","varsity","Yankton","Fri, 10/76:00pm"
"/sd/huron/huron-tigers/","/sd/sioux-falls/ogorman-knights/","13","24","2016","10-14-2016","Non-Region","Home","varsity","O'GormanSioux Falls","Fri, 10/145:00pm"
"/sd/huron/huron-tigers/","/sd/mitchell/mitchell-kernels/","0","59","2016","10-20-2016","Region","Home","varsity","Mitchell","Thu, 10/207:00pm"
"/sd/huron/huron-tigers/","/sd/spearfish/spearfish-spartans/","19","47","2016","10-27-2016","Playoff","Away","varsity","Spearfish","Thu, 10/275:00pm"
"/sd/vermillion/vermillion-tanagers/","/sd/canton/canton-c-hawks/","7","31","2016","8-26-2016","Region","Home","varsity","Canton","Fri, 8/26Time TBA"
"/sd/vermillion/vermillion-tanagers/","/sd/dell-rapids/dell-rapids-st-mary-cardinals/",NA,NA,"2016",NA,"Non-Region","Away","varsity","Dell Rapids/St. MaryDell Rapids","Fri, 9/27:00pm"
"/sd/vermillion/vermillion-tanagers/","/sd/dell-rapids/dell-rapids-quarriers/","6","35","2016","9-2-2016","Region","Away","varsity","Dell Rapids","Fri, 9/27:00pm"
"/sd/vermillion/vermillion-tanagers/","/sd/parkston/parkston-trojans/","14","36","2016","9-9-2016","Non-Region","Away","varsity","Parkston","Fri, 9/9Time TBA"
"/sd/vermillion/vermillion-tanagers/","/sd/north-sioux-city/dakota-valley-panthers/","20","48","2016","9-16-2016","Region","Home","varsity","Dakota ValleyNorth Sioux City","Fri, 9/165:00pm"
"/sd/vermillion/vermillion-tanagers/","/sd/madison/madison-bulldogs/","6","42","2016","9-23-2016","Region","Away","varsity","Madison","Fri, 9/235:00pm"
"/sd/vermillion/vermillion-tanagers/","/sd/tea/tea-titans/","6","39","2016","9-30-2016","Region","Home","varsity","Tea","Fri, 9/30Time TBA"
"/sd/vermillion/vermillion-tanagers/","/sd/sioux-falls/sioux-falls-christian-chargers/","0","50","2016","10-7-2016","Non-Region","Home","varsity","Sioux Falls ChristianSioux Falls","Fri, 10/7Time TBA"
"/sd/vermillion/vermillion-tanagers/","/sd/lennox/lennox-orioles/","34","6","2016","10-14-2016","Region","Away","varsity","Lennox","Fri, 10/14Time TBA"
"/sd/vermillion/vermillion-tanagers/","/sd/hartford/west-central-trojans/","13","42","2016","10-21-2016","Region","Away","varsity","West CentralHartford","Fri, 10/21Time TBA"
"/sd/yankton/yankton-bucks-gazelles/","/sd/mitchell/mitchell-kernels/","20","6","2016","9-1-2016/freshman-football-16/mitchell-vs-yankton.htm?c=WECtk1-3Vk6fXR2cvThlvw","Region","Home","freshmen","Mitchell","Thu, 9/14:15pm"
"/sd/yankton/yankton-bucks-gazelles/","/sd/mitchell/mitchell-kernels/",NA,NA,"2016",NA,"Region","Away","freshmen","Mitchell","Thu, 9/224:15pm"
"/sd/yankton/yankton-bucks-gazelles/","/ia/sioux-city/sioux-city-east-black-raiders/",NA,NA,"2016",NA,"Non-Region","Away","jv","Sioux City EastSioux City, IA","Mon, 9/124:15pm"
"/sd/yankton/yankton-bucks-gazelles/","/sd/brookings/brookings-bobcats/","29","28","2016","8-26-2016","Region","Home","varsity","Brookings","Fri, 8/265:00pm"
"/sd/yankton/yankton-bucks-gazelles/","/sd/mitchell/mitchell-kernels/","6","35","2016","9-2-2016","Region","Away","varsity","Mitchell","Fri, 9/25:00pm"
"/sd/yankton/yankton-bucks-gazelles/","/sd/sioux-falls/washington-warriors/","7","41","2016","9-9-2016","Non-Region","Home","varsity","WashingtonSioux Falls","Fri, 9/95:00pm"
"/sd/yankton/yankton-bucks-gazelles/","/sd/aberdeen/aberdeen-central-golden-eagles/","20","24","2016","9-16-2016","Region","Away","varsity","Aberdeen CentralAberdeen","Fri, 9/165:00pm"
"/sd/yankton/yankton-bucks-gazelles/","/sd/pierre/riggs-governors/","22","21","2016","9-23-2016","Region","Home","varsity","RiggsPierre","Fri, 9/237:00pm"
"/sd/yankton/yankton-bucks-gazelles/","/sd/sioux-falls/ogorman-knights/","14","35","2016","9-30-2016","Non-Region","Away","varsity","O'GormanSioux Falls","Fri, 9/30Time TBA"
"/sd/yankton/yankton-bucks-gazelles/","/sd/huron/huron-tigers/","14","7","2016","10-7-2016","Region","Home","varsity","Huron","Fri, 10/76:00pm"
"/sd/yankton/yankton-bucks-gazelles/","/sd/harrisburg/harrisburg-tigers/","7","27","2016","10-21-2016","Region","Home","varsity","Harrisburg","Fri, 10/21Time TBA"
"/sd/yankton/yankton-bucks-gazelles/","/sd/harrisburg/harrisburg-tigers/","15","53","2016","10-27-2016","Playoff","Away","varsity","Harrisburg","Thu, 10/27Time TBA"
"/sd/hot-springs/hot-springs-bison/","/sd/lennox/lennox-orioles/","42","6","2016","8-26-2016","Non-Region","Away","varsity","Lennox","Fri, 8/26Time TBA"
"/sd/hot-springs/hot-springs-bison/","/sd/box-elder/douglas-patriots/","20","6","2016","9-2-2016","Region","Away","varsity","DouglasBox Elder","Fri, 9/26:00pm"
"/sd/hot-springs/hot-springs-bison/","/sd/rapid-city/more-cavaliers/","0","28","2016","9-9-2016","Region","Away","varsity","MoreRapid City","Fri, 9/96:00pm"
"/sd/hot-springs/hot-springs-bison/","/sd/pine-ridge/pine-ridge-thorpes/","53","2","2016","9-16-2016","Non-Region","Home","varsity","Pine Ridge","Fri, 9/16Time TBA"
"/sd/hot-springs/hot-springs-bison/","/sd/belle-fourche/belle-fourche-broncs/","48","13","2016","9-23-2016","Region","Away","varsity","Belle Fourche","Fri, 9/23Time TBA"
"/sd/hot-springs/hot-springs-bison/","/sd/sturgis/sturgis-brown-scoopers/","38","0","2016","9-30-2016","Region","Away","varsity","Sturgis BrownSturgis","Fri, 9/30Time TBA"
"/sd/hot-springs/hot-springs-bison/","/sd/custer/custer-wildcats/","50","0","2016","10-7-2016","Non-Region","Home","varsity","Custer","Fri, 10/76:00pm"
"/sd/hot-springs/hot-springs-bison/","/sd/mission/todd-county-falcons/","53","6","2016","10-14-2016","Non-Region","Home","varsity","Todd CountyMission","Fri, 10/146:00pm"
"/sd/hot-springs/hot-springs-bison/","/sd/spearfish/spearfish-spartans/","7","21","2016","10-21-2016","Region","Away","varsity","Spearfish","Fri, 10/21Time TBA"
"/sd/hot-springs/hot-springs-bison/","/sd/rapid-city/more-cavaliers/","7","33","2016","10-27-2016","Playoff","Away","varsity","MoreRapid City","Thu, 10/276:00pm"
"/sd/spearfish/spearfish-spartans/","/sd/belle-fourche/belle-fourche-broncs/","40","0","2016","8-26-2016","Region","Home","varsity","Belle Fourche","Fri, 8/266:00pm"
"/sd/spearfish/spearfish-spartans/","/sd/pine-ridge/pine-ridge-thorpes/","53","0","2016","9-2-2016","Non-Region","Away","varsity","Pine Ridge","Fri, 9/25:00pm"
"/sd/spearfish/spearfish-spartans/","/sd/rapid-city/rapid-city-central-cobblers/","0","40","2016","9-9-2016","Non-Region","Away","varsity","Rapid City CentralRapid City","Fri, 9/98:00pm"
"/sd/spearfish/spearfish-spartans/","/sd/box-elder/douglas-patriots/","20","0","2016","9-16-2016","Region","Home","varsity","DouglasBox Elder","Fri, 9/16Time TBA"
"/sd/spearfish/spearfish-spartans/","/sd/mitchell/mitchell-kernels/","20","55","2016","9-23-2016","Non-Region","Away","varsity","Mitchell","Fri, 9/236:00pm"
"/sd/spearfish/spearfish-spartans/","/sd/huron/huron-tigers/","20","26","2016","9-30-2016","Non-Region","Home","varsity","Huron","Fri, 9/30Time TBA"
"/sd/spearfish/spearfish-spartans/","/sd/rapid-city/more-cavaliers/","21","52","2016","10-7-2016","Region","Away","varsity","MoreRapid City","Fri, 10/7Time TBA"
"/sd/spearfish/spearfish-spartans/","/sd/sturgis/sturgis-brown-scoopers/","21","16","2016","10-14-2016","Region","Away","varsity","Sturgis BrownSturgis","Fri, 10/14Time TBA"
"/sd/spearfish/spearfish-spartans/","/sd/hot-springs/hot-springs-bison/","21","7","2016","10-21-2016","Region","Home","varsity","Hot Springs","Fri, 10/21Time TBA"
"/sd/spearfish/spearfish-spartans/","/sd/huron/huron-tigers/","47","19","2016","10-27-2016","Playoff","Home","varsity","Huron","Thu, 10/275:00pm"
"/sd/spearfish/spearfish-spartans/","/sd/harrisburg/harrisburg-tigers/","7","61","2016","11-4-2016","Playoff","Neutral","varsity","Harrisburg","Fri, 11/4Time TBA"
"/sd/volga/sioux-valley-cossacks/","/sd/sisseton/sisseton-redmen/","20","8","2016","8-26-2016","Non-Region","Away","varsity","Sisseton","Fri, 8/267:00pm"
"/sd/volga/sioux-valley-cossacks/","/sd/elk-point/elk-point-jefferson-huskies/","53","40","2016","9-2-2016","Region","Home","varsity","Elk Point-JeffersonElk Point","Fri, 9/27:00pm"
"/sd/volga/sioux-valley-cossacks/","/sd/sioux-falls/sioux-falls-christian-chargers/","13","26","2016","9-16-2016","Region","Home","varsity","Sioux Falls ChristianSioux Falls","Fri, 9/167:00pm"
"/sd/volga/sioux-valley-cossacks/","/sd/milbank/milbank-bulldogs/","7","14","2016","9-23-2016","Non-Region","Home","varsity","Milbank","Fri, 9/237:00pm"
"/sd/volga/sioux-valley-cossacks/","/sd/flandreau/flandreau-fliers/","41","15","2016","9-30-2016","Region","Away","varsity","Flandreau","Fri, 9/307:00pm"
"/sd/volga/sioux-valley-cossacks/","/sd/beresford/beresford-watchdogs/","31","19","2016","10-7-2016","Region","Away","varsity","Beresford","Fri, 10/77:00pm"
"/sd/volga/sioux-valley-cossacks/","/sd/salem/mccook-central-montrose-fighting-cougars/","13","7","2016","10-14-2016","Region","Home","varsity","McCook Central/MontroseSalem","Fri, 10/147:00pm"
"/sd/volga/sioux-valley-cossacks/","/sd/emery/bridgewater-emery-ethan-seahawks/","14","17","2016","10-20-2016","Non-Region","Away","varsity","Bridgewater/Emery/EthanEmery","Thu, 10/207:00pm"
"/sd/volga/sioux-valley-cossacks/","/sd/flandreau/flandreau-fliers/","35","14","2016","10-25-2016","Playoff","Home","varsity","Flandreau","Tue, 10/257:00pm"
"/sd/volga/sioux-valley-cossacks/","/sd/emery/bridgewater-emery-ethan-seahawks/","2","6","2016","10-31-2016","Playoff","Away","varsity","Bridgewater/Emery/EthanEmery","Mon, 10/317:00pm"
"/sd/watertown/watertown-arrows/","/sd/pierre/riggs-governors/","20","7","2016","8-26-2016","Non-Region","Away","varsity","RiggsPierre","Fri, 8/267:00pm"
"/sd/watertown/watertown-arrows/","/sd/brandon/brandon-valley-lynx/","0","40","2016","9-2-2016","Region","Home","varsity","Brandon ValleyBrandon","Fri, 9/27:00pm"
"/sd/watertown/watertown-arrows/","/sd/mitchell/mitchell-kernels/","7","17","2016","9-9-2016","Region","Home","varsity","Mitchell","Fri, 9/95:00pm"
"/sd/watertown/watertown-arrows/","/sd/sioux-falls/ogorman-knights/","13","31","2016","9-23-2016","Non-Region","Home","varsity","O'GormanSioux Falls","Fri, 9/23Time TBA"
"/sd/watertown/watertown-arrows/","/sd/rapid-city/stevens-raiders/","3","24","2016","9-30-2016","Region","Home","varsity","StevensRapid City","Fri, 9/306:00pm"
"/sd/watertown/watertown-arrows/","/sd/sioux-falls/washington-warriors/","7","41","2016","10-7-2016","Non-Region","Away","varsity","WashingtonSioux Falls","Fri, 10/7Time TBA"
"/sd/watertown/watertown-arrows/","/sd/aberdeen/aberdeen-central-golden-eagles/","15","27","2016","10-16-2016","Region","Home","varsity","Aberdeen CentralAberdeen","Sun, 10/169:55am"
"/sd/watertown/watertown-arrows/","/sd/brookings/brookings-bobcats/","15","7","2016","10-20-2016","Region","Home","varsity","Brookings","Thu, 10/205:00pm"
"/sd/aberdeen/aberdeen-central-golden-eagles/","/sd/sioux-falls/roosevelt-rough-riders/","7","27","2016","8-26-2016","Non-Region","Away","varsity","RooseveltSioux Falls","Fri, 8/267:00pm"
"/sd/aberdeen/aberdeen-central-golden-eagles/","/sd/rapid-city/stevens-raiders/","14","16","2016","9-9-2016","Region","Away","varsity","StevensRapid City","Fri, 9/9Time TBA"
"/sd/aberdeen/aberdeen-central-golden-eagles/","/sd/yankton/yankton-bucks-gazelles/","24","20","2016","9-16-2016","Region","Home","varsity","Yankton","Fri, 9/165:00pm"
"/sd/aberdeen/aberdeen-central-golden-eagles/","/sd/sioux-falls/lincoln-patriots/","15","6","2016","9-23-2016","Non-Region","Home","varsity","LincolnSioux Falls","Fri, 9/235:00pm"
"/sd/aberdeen/aberdeen-central-golden-eagles/","/sd/harrisburg/harrisburg-tigers/","7","35","2016","9-30-2016","Region","Away","varsity","Harrisburg","Fri, 9/307:00pm"
"/sd/aberdeen/aberdeen-central-golden-eagles/","/sd/pierre/riggs-governors/","18","24","2016","10-7-2016","Non-Region","Home","varsity","RiggsPierre","Fri, 10/77:00am"
"/sd/aberdeen/aberdeen-central-golden-eagles/","/sd/watertown/watertown-arrows/","27","15","2016","10-16-2016","Region","Away","varsity","Watertown","Sun, 10/169:55am"
"/sd/aberdeen/aberdeen-central-golden-eagles/","/sd/brandon/brandon-valley-lynx/","6","31","2016","10-21-2016","Region","Away","varsity","Brandon ValleyBrandon","Fri, 10/21Time TBA"
"/sd/aberdeen/aberdeen-central-golden-eagles/","/sd/sioux-falls/ogorman-knights/","0","38","2016","10-27-2016","Playoff","Away","varsity","O'GormanSioux Falls","Thu, 10/276:00pm"
"/sd/aberdeen/roncalli-cavaliers/","/sd/redfield/redfield-doland-pheasants/","35","0","2016","8-26-2016","Region","Away","varsity","Redfield/DolandRedfield","Fri, 8/26Time TBA"
"/sd/aberdeen/roncalli-cavaliers/","/sd/rapid-city/more-cavaliers/",NA,NA,"2016",NA,"Non-Region","Home","varsity","MoreRapid City","Sat, 8/275:00pm"
"/sd/aberdeen/roncalli-cavaliers/","/sd/rapid-city/more-cavaliers/","6","28","2016","9-3-2016","Non-Region","Home","varsity","MoreRapid City","Sat, 9/35:00pm"
"/sd/aberdeen/roncalli-cavaliers/","/sd/milbank/milbank-bulldogs/","0","19","2016","9-9-2016","Region","Away","varsity","Milbank","Fri, 9/9Time TBA"
"/sd/aberdeen/roncalli-cavaliers/","/sd/wagner/wagner-red-raiders/","46","0","2016","9-30-2016","Non-Region","Home","varsity","Wagner","Fri, 9/30Time TBA"
"/sd/aberdeen/roncalli-cavaliers/","/sd/sisseton/sisseton-redmen/",NA,NA,"2016",NA,"Region","Away","varsity","Sisseton","Fri, 9/307:00pm"
"/sd/aberdeen/roncalli-cavaliers/","/sd/sisseton/sisseton-redmen/","60","12","2016","10-7-2016","Region","Away","varsity","Sisseton","Fri, 10/7Time TBA"
"/sd/aberdeen/roncalli-cavaliers/","/sd/chamberlain/chamberlain-cubs/","57","14","2016","10-14-2016","Non-Region","Home","varsity","Chamberlain","Fri, 10/14Time TBA"
"/sd/aberdeen/roncalli-cavaliers/","/sd/mobridge/mobridge-pollock-tigers/","35","0","2016","10-20-2016","Playoff","Away","varsity","Mobridge-PollockMobridge","Thu, 10/207:00pm"
"/sd/aberdeen/roncalli-cavaliers/","/sd/mobridge/mobridge-pollock-tigers/","42","0","2016","10-25-2016","Playoff","Neutral","varsity","Mobridge-PollockMobridge","Tue, 10/257:00pm"
"/sd/aberdeen/roncalli-cavaliers/","/sd/pine-ridge/red-cloud-crusaders/","68","18","2016","10-31-2016","Playoff","Home","varsity","Red CloudPine Ridge","Mon, 10/315:00pm"
"/sd/aberdeen/roncalli-cavaliers/","/sd/groton/groton-tigers/","10","16","2016","11-5-2016","Playoff","Neutral","varsity","Groton","Sat, 11/5Time TBA"
"/sd/rapid-city/stevens-raiders/","/sd/sioux-falls/lincoln-patriots/","20","40","2016","8-27-2016","Non-Region","Away","varsity","LincolnSioux Falls","Sat, 8/275:00pm"
"/sd/rapid-city/stevens-raiders/","/sd/sturgis/sturgis-brown-scoopers/","57","21","2016","9-2-2016","Non-Region","Away","varsity","Sturgis BrownSturgis","Fri, 9/26:00pm"
"/sd/rapid-city/stevens-raiders/","/sd/aberdeen/aberdeen-central-golden-eagles/","16","14","2016","9-9-2016","Region","Home","varsity","Aberdeen CentralAberdeen","Fri, 9/9Time TBA"
"/sd/rapid-city/stevens-raiders/","/sd/brandon/brandon-valley-lynx/","20","49","2016","9-16-2016","Region","Away","varsity","Brandon ValleyBrandon","Fri, 9/16Time TBA"
"/sd/rapid-city/stevens-raiders/","/sd/sioux-falls/roosevelt-rough-riders/","13","38","2016","9-23-2016","Non-Region","Home","varsity","RooseveltSioux Falls","Fri, 9/236:00pm"
"/sd/rapid-city/stevens-raiders/","/sd/watertown/watertown-arrows/","24","3","2016","9-30-2016","Region","Away","varsity","Watertown","Fri, 9/306:00pm"
"/sd/rapid-city/stevens-raiders/","/sd/sioux-falls/ogorman-knights/","27","39","2016","10-7-2016","Non-Region","Away","varsity","O'GormanSioux Falls","Fri, 10/76:00pm"
"/sd/rapid-city/stevens-raiders/","/sd/sioux-falls/washington-warriors/","7","35","2016","10-14-2016","Non-Region","Home","varsity","WashingtonSioux Falls","Fri, 10/145:00pm"
"/sd/rapid-city/stevens-raiders/","/sd/rapid-city/rapid-city-central-cobblers/","23","26","2016","10-21-2016","Region","Home","varsity","Rapid City CentralRapid City","Fri, 10/21Time TBA"
"/sd/rapid-city/stevens-raiders/","/sd/sioux-falls/washington-warriors/","27","53","2016","10-27-2016","Playoff","Neutral","varsity","WashingtonSioux Falls","Thu, 10/274:30pm"
"/sd/pierre/riggs-governors/","/sd/watertown/watertown-arrows/","7","20","2016","8-26-2016","Non-Region","Home","varsity","Watertown","Fri, 8/267:00pm"
"/sd/pierre/riggs-governors/","/sd/brookings/brookings-bobcats/","28","20","2016","9-2-2016","Region","Home","varsity","Brookings","Fri, 9/27:00pm"
"/sd/pierre/riggs-governors/","/sd/harrisburg/harrisburg-tigers/","21","33","2016","9-10-2016","Region","Away","varsity","Harrisburg","Sat, 9/107:00pm"
"/sd/pierre/riggs-governors/","/sd/huron/huron-tigers/","34","33","2016","9-16-2016","Region","Home","varsity","Huron","Fri, 9/165:00pm"
"/sd/pierre/riggs-governors/","/sd/yankton/yankton-bucks-gazelles/","21","22","2016","9-23-2016","Region","Away","varsity","Yankton","Fri, 9/237:00pm"
"/sd/pierre/riggs-governors/","/sd/sioux-falls/washington-warriors/","41","57","2016","9-30-2016","Non-Region","Home","varsity","WashingtonSioux Falls","Fri, 9/307:00pm"
"/sd/pierre/riggs-governors/","/sd/aberdeen/aberdeen-central-golden-eagles/","24","18","2016","10-7-2016","Non-Region","Away","varsity","Aberdeen CentralAberdeen","Fri, 10/77:00am"
"/sd/pierre/riggs-governors/","/sd/mitchell/mitchell-kernels/","13","42","2016","10-14-2016","Region","Away","varsity","Mitchell","Fri, 10/147:00pm"
"/sd/pierre/riggs-governors/","/sd/sturgis/sturgis-brown-scoopers/","55","16","2016","10-20-2016","Non-Region","Home","varsity","Sturgis BrownSturgis","Thu, 10/207:00pm"
"/sd/pierre/riggs-governors/","/sd/box-elder/douglas-patriots/","35","7","2016","10-27-2016","Playoff","Away","varsity","DouglasBox Elder","Thu, 10/278:00pm"
"/sd/pierre/riggs-governors/","/sd/mitchell/mitchell-kernels/","14","52","2016","11-4-2016","Playoff","Away","varsity","Mitchell","Fri, 11/47:00pm"
"/sd/sioux-falls/lincoln-patriots/","/sd/rapid-city/stevens-raiders/","40","20","2016","8-27-2016","Non-Region","Home","varsity","StevensRapid City","Sat, 8/275:00pm"
"/sd/sioux-falls/lincoln-patriots/","/sd/sioux-falls/washington-warriors/","16","34","2016","9-2-2016","Region","Away","varsity","WashingtonSioux Falls","Fri, 9/2Time TBA"
"/sd/sioux-falls/lincoln-patriots/","/sd/sioux-falls/roosevelt-rough-riders/","7","49","2016","9-9-2016","Region","Home","varsity","RooseveltSioux Falls","Fri, 9/95:00pm"
"/sd/sioux-falls/lincoln-patriots/","/sd/brookings/brookings-bobcats/","27","7","2016","9-15-2016","Non-Region","Away","varsity","Brookings","Thu, 9/155:00pm"
"/sd/sioux-falls/lincoln-patriots/","/sd/aberdeen/aberdeen-central-golden-eagles/","6","15","2016","9-23-2016","Non-Region","Away","varsity","Aberdeen CentralAberdeen","Fri, 9/235:00pm"
"/sd/sioux-falls/lincoln-patriots/","/sd/mitchell/mitchell-kernels/","7","28","2016","9-30-2016","Non-Region","Home","varsity","Mitchell","Fri, 9/305:00pm"
"/sd/sioux-falls/lincoln-patriots/","/sd/rapid-city/rapid-city-central-cobblers/","20","27","2016","10-7-2016","Non-Region","Away","varsity","Rapid City CentralRapid City","Fri, 10/75:00pm"
"/sd/sioux-falls/lincoln-patriots/","/sd/brandon/brandon-valley-lynx/","0","35","2016","10-14-2016","Non-Region","Away","varsity","Brandon ValleyBrandon","Fri, 10/145:00pm"
"/sd/sioux-falls/lincoln-patriots/","/sd/sioux-falls/ogorman-knights/","31","28","2016","10-21-2016","Region","Home","varsity","O'GormanSioux Falls","Fri, 10/21Time TBA"
"/sd/sioux-falls/lincoln-patriots/","/sd/sioux-falls/roosevelt-rough-riders/","21","53","2016","10-27-2016","Playoff","Neutral","varsity","RooseveltSioux Falls","Thu, 10/277:00pm"
"/sd/rapid-city/rapid-city-central-cobblers/","/sd/spearfish/spearfish-spartans/","40","0","2016","9-9-2016","Non-Region","Home","varsity","Spearfish","Fri, 9/98:00pm"
"/sd/rapid-city/rapid-city-central-cobblers/","/sd/sioux-falls/lincoln-patriots/","27","20","2016","10-7-2016","Non-Region","Home","varsity","LincolnSioux Falls","Fri, 10/75:00pm"
"/sd/rapid-city/rapid-city-central-cobblers/","/sd/sioux-falls/roosevelt-rough-riders/","28","54","2016","10-14-2016","Non-Region","Away","varsity","RooseveltSioux Falls","Fri, 10/14Time TBA"
"/sd/rapid-city/rapid-city-central-cobblers/","/sd/rapid-city/stevens-raiders/","26","23","2016","10-21-2016","Region","Away","varsity","StevensRapid City","Fri, 10/21Time TBA"
"/sd/rapid-city/rapid-city-central-cobblers/","/sd/brandon/brandon-valley-lynx/","14","58","2016","10-27-2016","Playoff","Away","varsity","Brandon ValleyBrandon","Thu, 10/276:00pm"
"/sd/colton/tri-valley-mustangs/","/sd/elk-point/elk-point-jefferson-huskies/","34","21","2016","8-26-2016","Non-Region","Away","varsity","Elk Point-JeffersonElk Point","Fri, 8/265:00pm"
"/sd/colton/tri-valley-mustangs/","/sd/parkston/parkston-trojans/","20","10","2016","9-2-2016","Region","Home","varsity","Parkston","Fri, 9/27:00pm"
"/sd/colton/tri-valley-mustangs/","/sd/dell-rapids/dell-rapids-quarriers/","6","35","2016","9-9-2016","Region","Home","varsity","Dell Rapids","Fri, 9/9Time TBA"
"/sd/colton/tri-valley-mustangs/","/sd/canton/canton-c-hawks/","8","24","2016","9-16-2016","Region","Away","varsity","Canton","Fri, 9/16Time TBA"
"/sd/colton/tri-valley-mustangs/","/sd/lennox/lennox-orioles/","38","0","2016","9-23-2016","Region","Home","varsity","Lennox","Fri, 9/23Time TBA"
"/sd/colton/tri-valley-mustangs/","/sd/beresford/beresford-watchdogs/","52","14","2016","9-30-2016","Non-Region","Away","varsity","Beresford","Fri, 9/30Time TBA"
"/sd/colton/tri-valley-mustangs/","/sd/hartford/west-central-trojans/","0","14","2016","10-14-2016","Region","Away","varsity","West CentralHartford","Fri, 10/14Time TBA"
"/sd/colton/tri-valley-mustangs/","/sd/sioux-falls/sioux-falls-christian-chargers/","22","25","2016","10-21-2016","Non-Region","Home","varsity","Sioux Falls ChristianSioux Falls","Fri, 10/215:00pm"
"/sd/colton/tri-valley-mustangs/","/sd/salem/mccook-central-montrose-fighting-cougars/","36","6","2016","10-25-2016","Playoff","Home","varsity","McCook Central/MontroseSalem","Tue, 10/257:00pm"
"/sd/colton/tri-valley-mustangs/","/sd/winner/winner-warriors/","0","40","2016","10-31-2016","Playoff","Away","varsity","Winner","Mon, 10/317:00pm"
"/sd/canton/canton-c-hawks/","/sd/vermillion/vermillion-tanagers/","31","7","2016","8-26-2016","Region","Away","varsity","Vermillion","Fri, 8/26Time TBA"
"/sd/canton/canton-c-hawks/","/sd/hartford/west-central-trojans/","9","14","2016","9-2-2016","Region","Home","varsity","West CentralHartford","Fri, 9/25:00pm"
"/sd/canton/canton-c-hawks/","/sd/lennox/lennox-orioles/","43","0","2016","9-9-2016","Region","Away","varsity","Lennox","Fri, 9/9Time TBA"
"/sd/canton/canton-c-hawks/","/sd/colton/tri-valley-mustangs/","24","8","2016","9-16-2016","Region","Home","varsity","Tri-ValleyColton","Fri, 9/16Time TBA"
"/sd/canton/canton-c-hawks/","/sd/north-sioux-city/dakota-valley-panthers/","8","40","2016","9-23-2016","Region","Away","varsity","Dakota ValleyNorth Sioux City","Fri, 9/235:00pm"
"/sd/canton/canton-c-hawks/","/sd/dell-rapids/dell-rapids-quarriers/","0","28","2016","9-30-2016","Region","Home","varsity","Dell Rapids","Fri, 9/30Time TBA"
"/sd/canton/canton-c-hawks/","/sd/madison/madison-bulldogs/","15","46","2016","10-7-2016","Region","Away","varsity","Madison","Fri, 10/7Time TBA"
"/sd/canton/canton-c-hawks/","/sd/wagner/wagner-red-raiders/","46","0","2016","10-14-2016","Non-Region","Home","varsity","Wagner","Fri, 10/14Time TBA"
"/sd/canton/canton-c-hawks/","/sd/wagner/wagner-red-raiders/",NA,NA,"2016",NA,"Non-Region","Home","varsity","Wagner","Fri, 10/14Time TBA"
"/sd/canton/canton-c-hawks/","/sd/tea/tea-titans/","24","47","2016","10-20-2016","Region","Away","varsity","Tea","Thu, 10/205:00pm"
"/sd/parkston/parkston-trojans/","/sd/tea/tea-titans/","0","20","2016","8-26-2016","Non-Region","Home","varsity","Tea","Fri, 8/265:00pm"
"/sd/parkston/parkston-trojans/","/sd/colton/tri-valley-mustangs/","10","20","2016","9-2-2016","Region","Away","varsity","Tri-ValleyColton","Fri, 9/27:00pm"
"/sd/parkston/parkston-trojans/","/sd/vermillion/vermillion-tanagers/","36","14","2016","9-9-2016","Non-Region","Home","varsity","Vermillion","Fri, 9/9Time TBA"
"/sd/parkston/parkston-trojans/","/sd/redfield/redfield-doland-pheasants/","46","0","2016","9-16-2016","Non-Region","Away","varsity","Redfield/DolandRedfield","Fri, 9/165:00pm"
"/sd/parkston/parkston-trojans/","/sd/wagner/wagner-red-raiders/","54","0","2016","9-23-2016","Region","Home","varsity","Wagner","Fri, 9/23Time TBA"
"/sd/parkston/parkston-trojans/","/sd/murdo/jones-county-white-river/","50","0","2016","9-30-2016","Non-Region","Away","varsity","Jones County/White RiverMurdo","Fri, 9/30Time TBA"
"/sd/parkston/parkston-trojans/","/sd/murdo/jones-county-coyotes/","50","0","2016","9-30-2016","Non-Region","Away","varsity","Jones CountyMurdo","Fri, 9/307:00pm"
"/sd/parkston/parkston-trojans/","/sd/winner/winner-warriors/","16","48","2016","10-7-2016","Region","Home","varsity","Winner","Fri, 10/7Time TBA"
"/sd/parkston/parkston-trojans/","/sd/groton/groton-tigers/","34","14","2016","10-14-2016","Non-Region","Away","varsity","Groton","Fri, 10/147:00pm"
"/sd/parkston/parkston-trojans/","/sd/winner/winner-warriors/","0","52","2016","10-25-2016","Playoff","Away","varsity","Winner","Tue, 10/255:00pm"
"/sd/milbank/milbank-bulldogs/","/sd/flandreau/flandreau-fliers/","38","15","2016","8-26-2016","Region","Home","varsity","Flandreau","Fri, 8/26Time TBA"
"/sd/milbank/milbank-bulldogs/","/sd/salem/mccook-central-montrose-fighting-cougars/","19","0","2016","9-2-2016","Non-Region","Away","varsity","McCook Central/MontroseSalem","Fri, 9/2Time TBA"
"/sd/milbank/milbank-bulldogs/","/sd/aberdeen/roncalli-cavaliers/","19","0","2016","9-9-2016","Region","Home","varsity","RoncalliAberdeen","Fri, 9/9Time TBA"
"/sd/milbank/milbank-bulldogs/","/sd/volga/sioux-valley-cossacks/","14","7","2016","9-23-2016","Non-Region","Away","varsity","Sioux ValleyVolga","Fri, 9/237:00pm"
"/sd/milbank/milbank-bulldogs/","/sd/redfield/redfield-doland-pheasants/","35","3","2016","9-30-2016","Region","Home","varsity","Redfield/DolandRedfield","Fri, 9/30Time TBA"
"/sd/milbank/milbank-bulldogs/","/sd/dell-rapids/dell-rapids-quarriers/","6","20","2016","10-7-2016","Non-Region","Away","varsity","Dell Rapids","Fri, 10/7Time TBA"
"/sd/milbank/milbank-bulldogs/","/sd/sisseton/sisseton-redmen/","51","0","2016","10-14-2016","Region","Home","varsity","Sisseton","Fri, 10/145:00pm"
"/sd/milbank/milbank-bulldogs/","/sd/madison/madison-bulldogs/","22","61","2016","10-21-2016","Non-Region","Home","varsity","Madison","Fri, 10/21Time TBA"
"/sd/milbank/milbank-bulldogs/","/sd/madison/madison-bulldogs/","0","43","2016","10-27-2016","Playoff","Away","varsity","Madison","Thu, 10/275:00pm"
"/sd/emery/bridgewater-emery-ethan-seahawks/","/sd/beresford/beresford-watchdogs/","28","14","2016","8-26-2016","Region","Home","varsity","Beresford","Fri, 8/267:00pm"
"/sd/emery/bridgewater-emery-ethan-seahawks/","/sd/sioux-falls/sioux-falls-christian-chargers/","0","14","2016","9-2-2016","Region","Away","varsity","Sioux Falls ChristianSioux Falls","Fri, 9/2Time TBA"
"/sd/emery/bridgewater-emery-ethan-seahawks/","/sd/flandreau/flandreau-fliers/","50","0","2016","9-9-2016","Region","Home","varsity","Flandreau","Fri, 9/9Time TBA"
"/sd/emery/bridgewater-emery-ethan-seahawks/","/sd/hartford/west-central-trojans/","7","20","2016","9-16-2016","Non-Region","Away","varsity","West CentralHartford","Fri, 9/16Time TBA"
"/sd/emery/bridgewater-emery-ethan-seahawks/","/sd/tea/tea-titans/","14","20","2016","9-23-2016","Non-Region","Home","varsity","Tea","Fri, 9/235:00pm"
"/sd/emery/bridgewater-emery-ethan-seahawks/","/sd/salem/mccook-central-montrose-fighting-cougars/","16","14","2016","9-30-2016","Region","Away","varsity","McCook Central/MontroseSalem","Fri, 9/30Time TBA"
"/sd/emery/bridgewater-emery-ethan-seahawks/","/sd/volga/sioux-valley-cossacks/","17","14","2016","10-20-2016","Non-Region","Home","varsity","Sioux ValleyVolga","Thu, 10/207:00pm"
"/sd/emery/bridgewater-emery-ethan-seahawks/","/sd/chamberlain/chamberlain-cubs/","53","0","2016","10-25-2016","Playoff","Away","varsity","Chamberlain","Tue, 10/257:00pm"
"/sd/emery/bridgewater-emery-ethan-seahawks/","/sd/volga/sioux-valley-cossacks/","6","2","2016","10-31-2016","Playoff","Home","varsity","Sioux ValleyVolga","Mon, 10/317:00pm"
"/sd/emery/bridgewater-emery-ethan-seahawks/","/sd/winner/winner-warriors/","13","38","2016","11-5-2016","Playoff","Neutral","varsity","Winner","Sat, 11/55:00pm"
"/sd/groton/groton-tigers/","/nd/oakes/oakes-tornadoes/","55","13","2016","8-26-2016","Non-Region","Neutral","varsity","OakesND","Fri, 8/267:00pm"
"/sd/groton/groton-tigers/","/sd/mobridge/mobridge-pollock-tigers/","33","0","2016","9-2-2016","Region","Home","varsity","Mobridge-PollockMobridge","Fri, 9/2Time TBA"
"/sd/groton/groton-tigers/","/sd/wagner/wagner-red-raiders/","53","0","2016","10-7-2016","Non-Region","Away","varsity","Wagner","Fri, 10/75:00pm"
"/sd/groton/groton-tigers/","/sd/parkston/parkston-trojans/","14","34","2016","10-14-2016","Non-Region","Home","varsity","Parkston","Fri, 10/147:00pm"
"/sd/groton/groton-tigers/","/sd/redfield/redfield-doland-pheasants/","46","6","2016","10-25-2016","Playoff","Home","varsity","Redfield/DolandRedfield","Tue, 10/254:00pm"
"/sd/groton/groton-tigers/","/sd/martin/bennett-county-warriors/","55","0","2016","10-31-2016","Playoff","Home","varsity","Bennett CountyMartin","Mon, 10/316:00pm"
"/sd/groton/groton-tigers/","/sd/aberdeen/roncalli-cavaliers/","16","10","2016","11-5-2016","Playoff","Neutral","varsity","RoncalliAberdeen","Sat, 11/5Time TBA"
"/sd/groton/groton-tigers/","/sd/winner/winner-warriors/","0","54","2016","11-11-2016","Playoff","Neutral","varsity","Winner","Fri, 11/111:00pm"
"/sd/harrisburg/harrisburg-tigers/","/sd/mitchell/mitchell-kernels/","27","10","2016","8-27-2016","Region","Away","varsity","Mitchell","Sat, 8/277:00pm"
"/sd/harrisburg/harrisburg-tigers/","/sd/huron/huron-tigers/","21","0","2016","9-2-2016","Region","Home","varsity","Huron","Fri, 9/2Time TBA"
"/sd/harrisburg/harrisburg-tigers/","/sd/pierre/riggs-governors/","33","21","2016","9-10-2016","Region","Home","varsity","RiggsPierre","Sat, 9/107:00pm"
"/sd/harrisburg/harrisburg-tigers/","/sd/sioux-falls/roosevelt-rough-riders/","21","41","2016","9-16-2016","Non-Region","Away","varsity","RooseveltSioux Falls","Fri, 9/165:00pm"
"/sd/harrisburg/harrisburg-tigers/","/sd/brandon/brandon-valley-lynx/","14","35","2016","9-23-2016","Region","Away","varsity","Brandon ValleyBrandon","Fri, 9/235:00pm"
"/sd/harrisburg/harrisburg-tigers/","/sd/brandon/brandon-valley-lynx/","7","42","2016","9-30-2016","Non-Region","Home","varsity","Brandon ValleyBrandon","Fri, 9/307:00pm"
"/sd/harrisburg/harrisburg-tigers/","/sd/aberdeen/aberdeen-central-golden-eagles/","35","7","2016","9-30-2016","Region","Home","varsity","Aberdeen CentralAberdeen","Fri, 9/307:00pm"
"/sd/harrisburg/harrisburg-tigers/","/sd/brookings/brookings-bobcats/","26","16","2016","10-14-2016","Region","Away","varsity","Brookings","Fri, 10/14Time TBA"
"/sd/harrisburg/harrisburg-tigers/","/sd/yankton/yankton-bucks-gazelles/","27","7","2016","10-21-2016","Region","Away","varsity","Yankton","Fri, 10/21Time TBA"
"/sd/harrisburg/harrisburg-tigers/","/sd/yankton/yankton-bucks-gazelles/","53","15","2016","10-27-2016","Playoff","Home","varsity","Yankton","Thu, 10/27Time TBA"
"/sd/harrisburg/harrisburg-tigers/","/sd/spearfish/spearfish-spartans/","61","7","2016","11-4-2016","Playoff","Neutral","varsity","Spearfish","Fri, 11/4Time TBA"
"/sd/harrisburg/harrisburg-tigers/","/sd/mitchell/mitchell-kernels/","6","41","2016","11-11-2016","Playoff","Neutral","varsity","Mitchell","Fri, 11/117:00pm"
"/sd/sioux-falls/sioux-falls-christian-chargers/","/sd/salem/mccook-central-montrose-fighting-cougars/","29","0","2016","8-26-2016","Region","Away","varsity","McCook Central/MontroseSalem","Fri, 8/265:00pm"
"/sd/sioux-falls/sioux-falls-christian-chargers/","/sd/salem/mccook-central-montrose-fighting-cougars/",NA,NA,"2016",NA,"Region","Away","varsity","McCook Central/MontroseSalem","Fri, 8/265:00pm"
"/sd/sioux-falls/sioux-falls-christian-chargers/","/sd/emery/bridgewater-emery-ethan-seahawks/","14","0","2016","9-2-2016","Region","Home","varsity","Bridgewater/Emery/EthanEmery","Fri, 9/2Time TBA"
"/sd/sioux-falls/sioux-falls-christian-chargers/","/sd/emery/bridgewater-emery-huskies/","14","0","2016","9-2-2016","Non-Region","Home","varsity","Bridgewater/EmeryEmery","Fri, 9/27:00pm"
"/sd/sioux-falls/sioux-falls-christian-chargers/","/sd/beresford/beresford-watchdogs/","40","7","2016","9-9-2016","Region","Away","varsity","Beresford","Fri, 9/9Time TBA"
"/sd/sioux-falls/sioux-falls-christian-chargers/","/sd/volga/sioux-valley-cossacks/","26","13","2016","9-16-2016","Region","Away","varsity","Sioux ValleyVolga","Fri, 9/167:00pm"
"/sd/sioux-falls/sioux-falls-christian-chargers/","/sd/flandreau/flandreau-fliers/","45","0","2016","9-23-2016","Region","Home","varsity","Flandreau","Fri, 9/23Time TBA"
"/sd/sioux-falls/sioux-falls-christian-chargers/","/sd/madison/madison-bulldogs/","6","34","2016","9-30-2016","Non-Region","Home","varsity","Madison","Fri, 9/305:00pm"
"/sd/sioux-falls/sioux-falls-christian-chargers/","/sd/vermillion/vermillion-tanagers/","50","0","2016","10-7-2016","Non-Region","Away","varsity","Vermillion","Fri, 10/7Time TBA"
"/sd/sioux-falls/sioux-falls-christian-chargers/","/sd/elk-point/elk-point-jefferson-huskies/","48","14","2016","10-14-2016","Region","Home","varsity","Elk Point-JeffersonElk Point","Fri, 10/14Time TBA"
"/sd/sioux-falls/sioux-falls-christian-chargers/","/sd/colton/tri-valley-mustangs/","25","22","2016","10-21-2016","Non-Region","Away","varsity","Tri-ValleyColton","Fri, 10/215:00pm"
"/sd/sioux-falls/sioux-falls-christian-chargers/","/sd/dell-rapids/dell-rapids-quarriers/","18","35","2016","10-27-2016","Playoff","Home","varsity","Dell Rapids","Thu, 10/277:00pm"
"/sd/hartford/west-central-trojans/","/sd/north-sioux-city/dakota-valley-panthers/","6","21","2016","8-26-2016","Region","Away","varsity","Dakota ValleyNorth Sioux City","Fri, 8/265:00pm"
"/sd/hartford/west-central-trojans/","/sd/canton/canton-c-hawks/","14","9","2016","9-2-2016","Region","Away","varsity","Canton","Fri, 9/25:00pm"
"/sd/hartford/west-central-trojans/","/sd/madison/madison-bulldogs/","0","32","2016","9-9-2016","Region","Home","varsity","Madison","Fri, 9/95:00pm"
"/sd/hartford/west-central-trojans/","/sd/emery/bridgewater-emery-ethan-seahawks/","20","7","2016","9-16-2016","Non-Region","Home","varsity","Bridgewater/Emery/EthanEmery","Fri, 9/16Time TBA"
"/sd/hartford/west-central-trojans/","/sd/emery/bridgewater-emery-huskies/","20","7","2016","9-16-2016","Non-Region","Home","varsity","Bridgewater/EmeryEmery","Fri, 9/167:00pm"
"/sd/hartford/west-central-trojans/","/sd/dell-rapids/dell-rapids-quarriers/","7","21","2016","9-23-2016","Region","Away","varsity","Dell Rapids","Fri, 9/235:00pm"
"/sd/hartford/west-central-trojans/","/sd/lennox/lennox-orioles/","41","13","2016","9-30-2016","Region","Home","varsity","Lennox","Fri, 9/307:00pm"
"/sd/hartford/west-central-trojans/","/sd/tea/tea-titans/","8","29","2016","10-7-2016","Region","Away","varsity","Tea","Fri, 10/7Time TBA"
"/sd/hartford/west-central-trojans/","/sd/colton/tri-valley-mustangs/","14","0","2016","10-14-2016","Region","Home","varsity","Tri-ValleyColton","Fri, 10/14Time TBA"
"/sd/hartford/west-central-trojans/","/sd/vermillion/vermillion-tanagers/","42","13","2016","10-21-2016","Region","Home","varsity","Vermillion","Fri, 10/21Time TBA"
"/sd/hartford/west-central-trojans/","/sd/tea/tea-titans/","6","14","2016","10-27-2016","Playoff","Away","varsity","Tea","Thu, 10/277:00pm"
"/sd/sioux-falls/ogorman-knights/","/sd/sioux-falls/roosevelt-rough-riders/","10","35","2016","8-29-2016","Region","Away","varsity","RooseveltSioux Falls","Mon, 8/295:00pm"
"/sd/sioux-falls/ogorman-knights/","/sd/brandon/brandon-valley-lynx/","34","22","2016","9-10-2016","Non-Region","Home","varsity","Brandon ValleyBrandon","Sat, 9/105:00pm"
"/sd/sioux-falls/ogorman-knights/","/sd/sioux-falls/washington-warriors/","14","35","2016","9-16-2016","Region","Home","varsity","WashingtonSioux Falls","Fri, 9/16Time TBA"
"/sd/sioux-falls/ogorman-knights/","/sd/watertown/watertown-arrows/","31","13","2016","9-23-2016","Non-Region","Away","varsity","Watertown","Fri, 9/23Time TBA"
"/sd/sioux-falls/ogorman-knights/","/sd/yankton/yankton-bucks-gazelles/","35","14","2016","9-30-2016","Non-Region","Home","varsity","Yankton","Fri, 9/30Time TBA"
"/sd/sioux-falls/ogorman-knights/","/sd/rapid-city/stevens-raiders/","39","27","2016","10-7-2016","Non-Region","Home","varsity","StevensRapid City","Fri, 10/76:00pm"
"/sd/sioux-falls/ogorman-knights/","/sd/huron/huron-tigers/","24","13","2016","10-14-2016","Non-Region","Away","varsity","Huron","Fri, 10/145:00pm"
"/sd/sioux-falls/ogorman-knights/","/sd/sioux-falls/lincoln-patriots/","28","31","2016","10-21-2016","Region","Away","varsity","LincolnSioux Falls","Fri, 10/21Time TBA"
"/sd/sioux-falls/ogorman-knights/","/sd/aberdeen/aberdeen-central-golden-eagles/","38","0","2016","10-27-2016","Playoff","Home","varsity","Aberdeen CentralAberdeen","Thu, 10/276:00pm"
"/sd/sioux-falls/ogorman-knights/","/sd/sioux-falls/washington-warriors/","14","24","2016","11-4-2016","Playoff","Neutral","varsity","WashingtonSioux Falls","Fri, 11/45:00pm"
"/sd/rapid-city/more-cavaliers/","/sd/sturgis/sturgis-brown-scoopers/","56","6","2016","8-27-2016","Region","Neutral","varsity","Sturgis BrownSturgis","Sat, 8/272:00pm"
"/sd/rapid-city/more-cavaliers/","/sd/aberdeen/roncalli-cavaliers/",NA,NA,"2016",NA,"Non-Region","Away","varsity","RoncalliAberdeen","Sat, 8/275:00pm"
"/sd/rapid-city/more-cavaliers/","/sd/aberdeen/roncalli-cavaliers/","28","6","2016","9-3-2016","Non-Region","Away","varsity","RoncalliAberdeen","Sat, 9/35:00pm"
"/sd/rapid-city/more-cavaliers/","/sd/hot-springs/hot-springs-bison/","28","0","2016","9-9-2016","Region","Home","varsity","Hot Springs","Fri, 9/96:00pm"
"/sd/rapid-city/more-cavaliers/","/sd/lead/lead-deadwood-golddiggers/","66","16","2016","9-16-2016","Non-Region","Home","varsity","Lead-DeadwoodLead","Fri, 9/16Time TBA"
"/sd/rapid-city/more-cavaliers/","/sd/custer/custer-wildcats/","55","0","2016","9-23-2016","Non-Region","Away","varsity","Custer","Fri, 9/236:00pm"
"/sd/rapid-city/more-cavaliers/","/sd/box-elder/douglas-patriots/","28","7","2016","9-30-2016","Region","Away","varsity","DouglasBox Elder","Fri, 9/30Time TBA"
"/sd/rapid-city/more-cavaliers/","/sd/spearfish/spearfish-spartans/","52","21","2016","10-7-2016","Region","Home","varsity","Spearfish","Fri, 10/7Time TBA"
"/sd/rapid-city/more-cavaliers/","/sd/belle-fourche/belle-fourche-broncs/",NA,NA,"2016",NA,"Region","Away","varsity","Belle Fourche","Fri, 10/14Time TBA"
"/sd/rapid-city/more-cavaliers/","/sd/belle-fourche/belle-fourche-broncs/","58","8","2016","10-14-2016","Region","Away","varsity","Belle Fourche","Fri, 10/14Time TBA"
"/sd/rapid-city/more-cavaliers/","/sd/mission/todd-county-falcons/","54","0","2016","10-20-2016","Non-Region","Home","varsity","Todd CountyMission","Thu, 10/205:00pm"
"/sd/rapid-city/more-cavaliers/","/sd/hot-springs/hot-springs-bison/","33","7","2016","10-27-2016","Playoff","Home","varsity","Hot Springs","Thu, 10/276:00pm"
"/sd/rapid-city/more-cavaliers/","/sd/madison/madison-bulldogs/","19","35","2016","11-4-2016","Playoff","Neutral","varsity","Madison","Fri, 11/44:00pm"
"/sd/north-sioux-city/dakota-valley-panthers/","/sd/hartford/west-central-trojans/","21","6","2016","8-26-2016","Region","Home","varsity","West CentralHartford","Fri, 8/265:00pm"
"/sd/north-sioux-city/dakota-valley-panthers/","/sd/madison/madison-bulldogs/","13","35","2016","9-2-2016","Region","Away","varsity","Madison","Fri, 9/25:00pm"
"/sd/north-sioux-city/dakota-valley-panthers/","/sd/tea/tea-titans/","14","28","2016","9-9-2016","Region","Home","varsity","Tea","Fri, 9/95:00pm"
"/sd/north-sioux-city/dakota-valley-panthers/","/sd/vermillion/vermillion-tanagers/","48","20","2016","9-16-2016","Region","Away","varsity","Vermillion","Fri, 9/165:00pm"
"/sd/north-sioux-city/dakota-valley-panthers/","/sd/canton/canton-c-hawks/","40","8","2016","9-23-2016","Region","Home","varsity","Canton","Fri, 9/235:00pm"
"/sd/north-sioux-city/dakota-valley-panthers/","/sd/elk-point/elk-point-jefferson-huskies/","33","7","2016","9-30-2016","Non-Region","Home","varsity","Elk Point-JeffersonElk Point","Fri, 9/305:00pm"
"/sd/north-sioux-city/dakota-valley-panthers/","/sd/lennox/lennox-orioles/","42","14","2016","10-7-2016","Region","Away","varsity","Lennox","Fri, 10/7Time TBA"
"/sd/north-sioux-city/dakota-valley-panthers/","/sd/dell-rapids/dell-rapids-quarriers/","3","21","2016","10-14-2016","Region","Home","varsity","Dell Rapids","Fri, 10/14Time TBA"
"/sd/north-sioux-city/dakota-valley-panthers/","/sd/wagner/wagner-red-raiders/","42","6","2016","10-21-2016","Non-Region","Away","varsity","Wagner","Fri, 10/21Time TBA"
"/sd/sioux-falls/roosevelt-rough-riders/","/sd/aberdeen/aberdeen-central-golden-eagles/","27","7","2016","8-26-2016","Non-Region","Home","varsity","Aberdeen CentralAberdeen","Fri, 8/267:00pm"
"/sd/sioux-falls/roosevelt-rough-riders/","/sd/sioux-falls/ogorman-knights/","35","10","2016","8-29-2016","Region","Home","varsity","O'GormanSioux Falls","Mon, 8/295:00pm"
"/sd/sioux-falls/roosevelt-rough-riders/","/sd/sioux-falls/lincoln-patriots/","49","7","2016","9-9-2016","Region","Away","varsity","LincolnSioux Falls","Fri, 9/95:00pm"
"/sd/sioux-falls/roosevelt-rough-riders/","/sd/harrisburg/harrisburg-tigers/","41","21","2016","9-16-2016","Non-Region","Home","varsity","Harrisburg","Fri, 9/165:00pm"
"/sd/sioux-falls/roosevelt-rough-riders/","/sd/rapid-city/stevens-raiders/","38","13","2016","9-23-2016","Non-Region","Away","varsity","StevensRapid City","Fri, 9/236:00pm"
"/sd/sioux-falls/roosevelt-rough-riders/","/sd/brookings/brookings-bobcats/","58","14","2016","9-30-2016","Non-Region","Away","varsity","Brookings","Fri, 9/305:00pm"
"/sd/sioux-falls/roosevelt-rough-riders/","/sd/brandon/brandon-valley-lynx/","35","28","2016","10-7-2016","Non-Region","Home","varsity","Brandon ValleyBrandon","Fri, 10/75:00pm"
"/sd/sioux-falls/roosevelt-rough-riders/","/sd/rapid-city/rapid-city-central-cobblers/","54","28","2016","10-14-2016","Non-Region","Home","varsity","Rapid City CentralRapid City","Fri, 10/14Time TBA"
"/sd/sioux-falls/roosevelt-rough-riders/","/sd/sioux-falls/washington-warriors/","28","35","2016","10-20-2016","Region","Away","varsity","WashingtonSioux Falls","Thu, 10/208:00pm"
"/sd/sioux-falls/roosevelt-rough-riders/","/sd/sioux-falls/lincoln-patriots/","53","21","2016","10-27-2016","Playoff","Neutral","varsity","LincolnSioux Falls","Thu, 10/277:00pm"
"/sd/sioux-falls/roosevelt-rough-riders/","/sd/brandon/brandon-valley-lynx/","46","49","2016","11-4-2016","Playoff","Neutral","varsity","Brandon ValleyBrandon","Fri, 11/45:00pm"
"/sd/dell-rapids/dell-rapids-quarriers/","/sd/madison/madison-bulldogs/","6","35","2016","8-26-2016","Region","Home","varsity","Madison","Fri, 8/26Time TBA"
"/sd/dell-rapids/dell-rapids-quarriers/","/sd/vermillion/vermillion-tanagers/","35","6","2016","9-2-2016","Region","Home","varsity","Vermillion","Fri, 9/27:00pm"
"/sd/dell-rapids/dell-rapids-quarriers/","/sd/colton/tri-valley-mustangs/","35","6","2016","9-9-2016","Region","Away","varsity","Tri-ValleyColton","Fri, 9/9Time TBA"
"/sd/dell-rapids/dell-rapids-quarriers/","/sd/tea/tea-titans/","0","19","2016","9-16-2016","Region","Away","varsity","Tea","Fri, 9/16Time TBA"
"/sd/dell-rapids/dell-rapids-quarriers/","/sd/hartford/west-central-trojans/","21","7","2016","9-23-2016","Region","Home","varsity","West CentralHartford","Fri, 9/235:00pm"
"/sd/dell-rapids/dell-rapids-quarriers/","/sd/canton/canton-c-hawks/","28","0","2016","9-30-2016","Region","Away","varsity","Canton","Fri, 9/30Time TBA"
"/sd/dell-rapids/dell-rapids-quarriers/","/sd/milbank/milbank-bulldogs/","20","6","2016","10-7-2016","Non-Region","Home","varsity","Milbank","Fri, 10/7Time TBA"
"/sd/dell-rapids/dell-rapids-quarriers/","/sd/north-sioux-city/dakota-valley-panthers/","21","3","2016","10-14-2016","Region","Away","varsity","Dakota ValleyNorth Sioux City","Fri, 10/14Time TBA"
"/sd/dell-rapids/dell-rapids-quarriers/","/sd/lennox/lennox-orioles/","56","14","2016","10-21-2016","Region","Home","varsity","Lennox","Fri, 10/21Time TBA"
"/sd/dell-rapids/dell-rapids-quarriers/","/sd/sioux-falls/sioux-falls-christian-chargers/","35","18","2016","10-27-2016","Playoff","Away","varsity","Sioux Falls ChristianSioux Falls","Thu, 10/277:00pm"
"/sd/dell-rapids/dell-rapids-quarriers/","/sd/tea/tea-titans/","21","32","2016","11-4-2016","Playoff","Neutral","varsity","Tea","Fri, 11/45:00pm"
"/sd/brandon/brandon-valley-lynx/","/sd/sioux-falls/washington-warriors/","22","27","2016","8-26-2016","Region","Home","varsity","WashingtonSioux Falls","Fri, 8/265:00pm"
"/sd/brandon/brandon-valley-lynx/","/sd/watertown/watertown-arrows/","40","0","2016","9-2-2016","Region","Away","varsity","Watertown","Fri, 9/27:00pm"
"/sd/brandon/brandon-valley-lynx/","/sd/sioux-falls/ogorman-knights/","22","34","2016","9-10-2016","Non-Region","Away","varsity","O'GormanSioux Falls","Sat, 9/105:00pm"
"/sd/brandon/brandon-valley-lynx/","/sd/rapid-city/stevens-raiders/","49","20","2016","9-16-2016","Region","Home","varsity","StevensRapid City","Fri, 9/16Time TBA"
"/sd/brandon/brandon-valley-lynx/","/sd/harrisburg/harrisburg-tigers/","35","14","2016","9-23-2016","Region","Home","varsity","Harrisburg","Fri, 9/235:00pm"
"/sd/brandon/brandon-valley-lynx/","/sd/harrisburg/harrisburg-tigers/","42","7","2016","9-30-2016","Non-Region","Away","varsity","Harrisburg","Fri, 9/307:00pm"
"/sd/brandon/brandon-valley-lynx/","/sd/sioux-falls/roosevelt-rough-riders/","28","35","2016","10-7-2016","Non-Region","Away","varsity","RooseveltSioux Falls","Fri, 10/75:00pm"
"/sd/brandon/brandon-valley-lynx/","/sd/sioux-falls/lincoln-patriots/","35","0","2016","10-14-2016","Non-Region","Home","varsity","LincolnSioux Falls","Fri, 10/145:00pm"
"/sd/brandon/brandon-valley-lynx/","/sd/aberdeen/aberdeen-central-golden-eagles/","31","6","2016","10-21-2016","Region","Home","varsity","Aberdeen CentralAberdeen","Fri, 10/21Time TBA"
"/sd/brandon/brandon-valley-lynx/","/sd/rapid-city/rapid-city-central-cobblers/","58","14","2016","10-27-2016","Playoff","Home","varsity","Rapid City CentralRapid City","Thu, 10/276:00pm"
"/sd/brandon/brandon-valley-lynx/","/sd/sioux-falls/roosevelt-rough-riders/","49","46","2016","11-4-2016","Playoff","Neutral","varsity","RooseveltSioux Falls","Fri, 11/45:00pm"
"/sd/brandon/brandon-valley-lynx/","/sd/sioux-falls/washington-warriors/","31","41","2016","11-12-2016","Playoff","Neutral","varsity","WashingtonSioux Falls","Sat, 11/126:00pm"
"/sd/mitchell/mitchell-kernels/","/sd/wagner/wagner-red-raiders/","24","12","2016","8-29-2016/freshman-football-16/mitchell-vs-wagner.htm?c=wJ5DVJeju0mxJsYmRL_NIw","Non-Region","Home","freshmen","Wagner","Mon, 8/294:15pm"
"/sd/mitchell/mitchell-kernels/","/sd/yankton/yankton-bucks-gazelles/","6","20","2016","9-1-2016/freshman-football-16/mitchell-vs-yankton.htm?c=WECtk1-3Vk6fXR2cvThlvw","Region","Away","freshmen","Yankton","Thu, 9/14:15pm"
"/sd/mitchell/mitchell-kernels/","/sd/rapid-city/rapid-city-central-cobblers/","25","20","2016","9-12-2016/freshman-football-16/mitchell-vs-rapid-city-central.htm?c=3hXSU5DzNUSIeIzAcWVNbg","Non-Region","Neutral","freshmen","Rapid City CentralRapid City","Mon, 9/125:00pm"
"/sd/mitchell/mitchell-kernels/","/sd/pierre/riggs-governors/",NA,NA,"2016",NA,"Region","Home","freshmen","RiggsPierre","Thu, 9/154:15pm"
"/sd/mitchell/mitchell-kernels/","/sd/yankton/yankton-bucks-gazelles/",NA,NA,"2016",NA,"Region","Home","freshmen","Yankton","Thu, 9/224:15pm"
"/sd/mitchell/mitchell-kernels/","/sd/sioux-falls/ogorman-knights/",NA,NA,"2016",NA,"Non-Region","Home","freshmen","O'GormanSioux Falls","Sat, 10/110:30am"
"/sd/mitchell/mitchell-kernels/","/sd/huron/huron-tigers/",NA,NA,"2016",NA,"Region","Away","freshmen","Huron","Tue, 10/114:30am"
"/sd/mitchell/mitchell-kernels/","/sd/aberdeen/aberdeen-central-golden-eagles/",NA,NA,"2016",NA,"Region","Away","freshmen","Aberdeen CentralAberdeen","Tue, 10/184:30am"
"/sd/mitchell/mitchell-kernels/","/sd/brookings/brookings-bobcats/",NA,NA,"2016",NA,"Region","Home","freshmen","Brookings","Tue, 10/254:15am"
"/sd/mitchell/mitchell-kernels/","/sd/harrisburg/harrisburg-tigers/","10","27","2016","8-27-2016","Region","Home","varsity","Harrisburg","Sat, 8/277:00pm"
"/sd/mitchell/mitchell-kernels/","/sd/yankton/yankton-bucks-gazelles/","35","6","2016","9-2-2016","Region","Home","varsity","Yankton","Fri, 9/25:00pm"
"/sd/mitchell/mitchell-kernels/","/sd/watertown/watertown-arrows/","17","7","2016","9-9-2016","Region","Away","varsity","Watertown","Fri, 9/95:00pm"
"/sd/mitchell/mitchell-kernels/","/sd/sturgis/sturgis-brown-scoopers/","68","8","2016","9-16-2016","Non-Region","Away","varsity","Sturgis BrownSturgis","Fri, 9/165:00pm"
"/sd/mitchell/mitchell-kernels/","/sd/spearfish/spearfish-spartans/","55","20","2016","9-23-2016","Non-Region","Home","varsity","Spearfish","Fri, 9/236:00pm"
"/sd/mitchell/mitchell-kernels/","/sd/sioux-falls/lincoln-patriots/","28","7","2016","9-30-2016","Non-Region","Away","varsity","LincolnSioux Falls","Fri, 9/305:00pm"
"/sd/mitchell/mitchell-kernels/","/sd/brookings/brookings-bobcats/","55","20","2016","10-7-2016","Region","Away","varsity","Brookings","Fri, 10/77:00pm"
"/sd/mitchell/mitchell-kernels/","/sd/pierre/riggs-governors/","42","13","2016","10-14-2016","Region","Home","varsity","RiggsPierre","Fri, 10/147:00pm"
"/sd/mitchell/mitchell-kernels/","/sd/huron/huron-tigers/","59","0","2016","10-20-2016","Region","Away","varsity","Huron","Thu, 10/207:00pm"
"/sd/mitchell/mitchell-kernels/","/sd/sturgis/sturgis-brown-scoopers/","79","22","2016","10-27-2016","Playoff","Home","varsity","Sturgis BrownSturgis","Thu, 10/276:00pm"
"/sd/mitchell/mitchell-kernels/","/sd/pierre/riggs-governors/","52","14","2016","11-4-2016","Playoff","Home","varsity","RiggsPierre","Fri, 11/47:00pm"
"/sd/mitchell/mitchell-kernels/","/sd/harrisburg/harrisburg-tigers/","41","6","2016","11-11-2016","Playoff","Neutral","varsity","Harrisburg","Fri, 11/117:00pm"
"/sd/tea/tea-titans/","/sd/parkston/parkston-trojans/","20","0","2016","8-26-2016","Non-Region","Away","varsity","Parkston","Fri, 8/265:00pm"
"/sd/tea/tea-titans/","/sd/lennox/lennox-orioles/","48","7","2016","9-2-2016","Region","Home","varsity","Lennox","Fri, 9/2Time TBA"
"/sd/tea/tea-titans/","/sd/north-sioux-city/dakota-valley-panthers/","28","14","2016","9-9-2016","Region","Away","varsity","Dakota ValleyNorth Sioux City","Fri, 9/95:00pm"
"/sd/tea/tea-titans/","/sd/dell-rapids/dell-rapids-quarriers/","19","0","2016","9-16-2016","Region","Home","varsity","Dell Rapids","Fri, 9/16Time TBA"
"/sd/tea/tea-titans/","/sd/emery/bridgewater-emery-ethan-seahawks/","20","14","2016","9-23-2016","Non-Region","Away","varsity","Bridgewater/Emery/EthanEmery","Fri, 9/235:00pm"
"/sd/tea/tea-titans/","/sd/emery/bridgewater-emery-huskies/","20","14","2016","9-23-2016","Non-Region","Away","varsity","Bridgewater/EmeryEmery","Fri, 9/237:00pm"
"/sd/tea/tea-titans/","/sd/vermillion/vermillion-tanagers/","39","6","2016","9-30-2016","Region","Away","varsity","Vermillion","Fri, 9/30Time TBA"
"/sd/tea/tea-titans/","/sd/hartford/west-central-trojans/","29","8","2016","10-7-2016","Region","Home","varsity","West CentralHartford","Fri, 10/7Time TBA"
"/sd/tea/tea-titans/","/sd/madison/madison-bulldogs/","28","25","2016","10-14-2016","Region","Away","varsity","Madison","Fri, 10/14Time TBA"
"/sd/tea/tea-titans/","/sd/canton/canton-c-hawks/","47","24","2016","10-20-2016","Region","Home","varsity","Canton","Thu, 10/205:00pm"
"/sd/tea/tea-titans/","/sd/hartford/west-central-trojans/","14","6","2016","10-27-2016","Playoff","Home","varsity","West CentralHartford","Thu, 10/277:00pm"
"/sd/tea/tea-titans/","/sd/dell-rapids/dell-rapids-quarriers/","32","21","2016","11-4-2016","Playoff","Neutral","varsity","Dell Rapids","Fri, 11/45:00pm"
"/sd/tea/tea-titans/","/nj/newark/shabazz-bulldogs/","0","30","2016","11-11-2016","Non-Region","Away","varsity","ShabazzNewark, NJ","Fri, 11/117:00pm"
"/sd/tea/tea-titans/","/sd/madison/madison-bulldogs/","0","39","2016","11-12-2016","Playoff","Neutral","varsity","Madison","Sat, 11/121:00pm"
"/sd/winner/winner-warriors/","/sd/mobridge/mobridge-pollock-tigers/","46","0","2016","8-26-2016","Non-Region","Away","varsity","Mobridge-PollockMobridge","Fri, 8/26Time TBA"
"/sd/winner/winner-warriors/","/sd/eagle-butte/cheyenne-eagle-butte-braves/","52","0","2016","9-2-2016","Non-Region","Away","varsity","Cheyenne-Eagle ButteEagle Butte","Fri, 9/2Time TBA"
"/sd/winner/winner-warriors/","/sd/wagner/wagner-red-raiders/","54","0","2016","9-9-2016","Region","Home","varsity","Wagner","Fri, 9/9Time TBA"
"/sd/winner/winner-warriors/","/sd/wagner/wagner-red-raiders/",NA,NA,"2016",NA,"Region","Home","varsity","Wagner","Fri, 9/9Time TBA"
"/sd/winner/winner-warriors/","/ne/valentine/valentine/","48","0","2016","9-16-2016","Non-Region","Away","varsity","ValentineNE","Fri, 9/167:00pm"
"/sd/winner/winner-warriors/","/sd/chamberlain/chamberlain-cubs/","60","6","2016","9-18-2016","Non-Region","Home","varsity","Chamberlain","Sun, 9/186:00pm"
"/sd/winner/winner-warriors/","/sd/parkston/parkston-trojans/","48","16","2016","10-7-2016","Region","Away","varsity","Parkston","Fri, 10/7Time TBA"
"/sd/winner/winner-warriors/","/sd/redfield/redfield-doland-pheasants/","54","0","2016","10-14-2016","Non-Region","Home","varsity","Redfield/DolandRedfield","Fri, 10/14Time TBA"
"/sd/winner/winner-warriors/","/sd/murdo/jones-county-white-river/","64","0","2016","10-21-2016","Non-Region","Home","varsity","Jones County/White RiverMurdo","Fri, 10/21Time TBA"
"/sd/winner/winner-warriors/","/sd/parkston/parkston-trojans/","52","0","2016","10-25-2016","Playoff","Home","varsity","Parkston","Tue, 10/255:00pm"
"/sd/winner/winner-warriors/","/sd/colton/tri-valley-mustangs/","40","0","2016","10-31-2016","Playoff","Home","varsity","Tri-ValleyColton","Mon, 10/317:00pm"
"/sd/winner/winner-warriors/","/sd/emery/bridgewater-emery-ethan-seahawks/","38","13","2016","11-5-2016","Playoff","Neutral","varsity","Bridgewater/Emery/EthanEmery","Sat, 11/55:00pm"
"/sd/winner/winner-warriors/","/sd/groton/groton-tigers/","54","0","2016","11-11-2016","Playoff","Neutral","varsity","Groton","Fri, 11/111:00pm"
"/sd/sioux-falls/washington-warriors/","/sd/brandon/brandon-valley-lynx/","27","22","2016","8-26-2016","Region","Away","varsity","Brandon ValleyBrandon","Fri, 8/265:00pm"
"/sd/sioux-falls/washington-warriors/","/sd/sioux-falls/lincoln-patriots/","34","16","2016","9-2-2016","Region","Home","varsity","LincolnSioux Falls","Fri, 9/2Time TBA"
"/sd/sioux-falls/washington-warriors/","/sd/yankton/yankton-bucks-gazelles/","41","7","2016","9-9-2016","Non-Region","Away","varsity","Yankton","Fri, 9/95:00pm"
"/sd/sioux-falls/washington-warriors/","/sd/sioux-falls/ogorman-knights/","35","14","2016","9-16-2016","Region","Away","varsity","O'GormanSioux Falls","Fri, 9/16Time TBA"
"/sd/sioux-falls/washington-warriors/","/sd/pierre/riggs-governors/","57","41","2016","9-30-2016","Non-Region","Away","varsity","RiggsPierre","Fri, 9/307:00pm"
"/sd/sioux-falls/washington-warriors/","/sd/watertown/watertown-arrows/","41","7","2016","10-7-2016","Non-Region","Home","varsity","Watertown","Fri, 10/7Time TBA"
"/sd/sioux-falls/washington-warriors/","/sd/rapid-city/stevens-raiders/","35","7","2016","10-14-2016","Non-Region","Away","varsity","StevensRapid City","Fri, 10/145:00pm"
"/sd/sioux-falls/washington-warriors/","/sd/sioux-falls/roosevelt-rough-riders/","35","28","2016","10-20-2016","Region","Home","varsity","RooseveltSioux Falls","Thu, 10/208:00pm"
"/sd/sioux-falls/washington-warriors/","/sd/rapid-city/stevens-raiders/","53","27","2016","10-27-2016","Playoff","Neutral","varsity","StevensRapid City","Thu, 10/274:30pm"
"/sd/sioux-falls/washington-warriors/","/sd/sioux-falls/ogorman-knights/","24","14","2016","11-4-2016","Playoff","Neutral","varsity","O'GormanSioux Falls","Fri, 11/45:00pm"
"/sd/sioux-falls/washington-warriors/","/sd/brandon/brandon-valley-lynx/","41","31","2016","11-12-2016","Playoff","Neutral","varsity","Brandon ValleyBrandon","Sat, 11/126:00pm"
"/sd/madison/madison-bulldogs/","/sd/dell-rapids/dell-rapids-quarriers/","35","6","2016","8-26-2016","Region","Away","varsity","Dell Rapids","Fri, 8/26Time TBA"
"/sd/madison/madison-bulldogs/","/sd/north-sioux-city/dakota-valley-panthers/","35","13","2016","9-2-2016","Region","Home","varsity","Dakota ValleyNorth Sioux City","Fri, 9/25:00pm"
"/sd/madison/madison-bulldogs/","/sd/hartford/west-central-trojans/","32","0","2016","9-9-2016","Region","Away","varsity","West CentralHartford","Fri, 9/95:00pm"
"/sd/madison/madison-bulldogs/","/sd/lennox/lennox-orioles/","53","7","2016","9-16-2016","Region","Away","varsity","Lennox","Fri, 9/165:00pm"
"/sd/madison/madison-bulldogs/","/sd/vermillion/vermillion-tanagers/","42","6","2016","9-23-2016","Region","Home","varsity","Vermillion","Fri, 9/235:00pm"
"/sd/madison/madison-bulldogs/","/sd/sioux-falls/sioux-falls-christian-chargers/","34","6","2016","9-30-2016","Non-Region","Away","varsity","Sioux Falls ChristianSioux Falls","Fri, 9/305:00pm"
"/sd/madison/madison-bulldogs/","/sd/canton/canton-c-hawks/","46","15","2016","10-7-2016","Region","Home","varsity","Canton","Fri, 10/7Time TBA"
"/sd/madison/madison-bulldogs/","/sd/tea/tea-titans/","25","28","2016","10-14-2016","Region","Home","varsity","Tea","Fri, 10/14Time TBA"
"/sd/madison/madison-bulldogs/","/sd/milbank/milbank-bulldogs/","61","22","2016","10-21-2016","Non-Region","Away","varsity","Milbank","Fri, 10/21Time TBA"
"/sd/madison/madison-bulldogs/","/sd/milbank/milbank-bulldogs/","43","0","2016","10-27-2016","Playoff","Home","varsity","Milbank","Thu, 10/275:00pm"
"/sd/madison/madison-bulldogs/","/sd/rapid-city/more-cavaliers/","35","19","2016","11-4-2016","Playoff","Neutral","varsity","MoreRapid City","Fri, 11/44:00pm"
"/sd/madison/madison-bulldogs/","/sd/tea/tea-titans/","39","0","2016","11-12-2016","Playoff","Neutral","varsity","Tea","Sat, 11/121:00pm"
